name,dong,lon,lat,in,out
불로전통시장앞,불로.봉무동,128.641095,35.91063166666667,164855.0,61525.0
불로전통시장건너,불로.봉무동,128.64094500000002,35.9106,428472.0,38380.0
불로동고분군앞,불로.봉무동,128.6412378,35.914597349999994,63059.0,33949.0
불로동고분군건너,불로.봉무동,128.64098928333334,35.91508831666667,177808.0,40995.0
봉무청구새들마을앞,불로.봉무동,128.64190171666667,35.92996555,22075.0,11811.0
봉무청구새들마을건너,불로.봉무동,128.64173333333332,35.93007333333333,133062.0,21074.0
파군재삼거리2,불로.봉무동,128.643845,35.934009999999994,41954.0,16921.0
파군재삼거리1,불로.봉무동,128.64351333333335,35.93584,13231.0,34403.0
대구중앙중고등학교건너,신천1.2동,128.6167431166667,35.868084033333346,338079.0,48599.0
대구중앙중고등학교앞,수성4가동,128.61655843333335,35.86786883333333,315623.0,61955.0
청구고등학교앞,신천3동,128.62190348333334,35.867576099999994,215513.0,39227.0
청구고등학교건너,범어3동,128.62363,35.86711500000001,144610.0,25962.0
한국건강관리협회앞,신천3동,128.62328166666666,35.86900666666667,86074.0,6703.0
청기와주유소건너,효목1동,128.64835666666667,35.878025,150231.0,25464.0
효목네거리3,효목1동,128.64633166666667,35.87727333333333,82779.0,42612.0
우방만촌하이츠건너,신천4동,128.63137333333333,35.868718333333334,33580.0,19479.0
구.동부정류장(메트로팔레스),만촌1동,128.63293833333333,35.87013333333333,135236.0,51059.0
코오롱아파트,신천4동,128.63234666666668,35.869836666666664,181410.0,26216.0
수성도서관앞,만촌1동,128.63806000000002,35.872733333333336,76543.0,26297.0
수성도서관건너,효목2동,128.63789333333335,35.87289333333333,118429.0,27453.0
한전동대구지사건너,만촌1동,128.64116,35.874241666666656,180377.0,39207.0
한전동대구지사,효목2동,128.641147,35.87447891666667,270539.0,55993.0
동구시장앞,효목2동,128.63932166666666,35.87409,94006.0,16601.0
동구시장건너,효목2동,128.639295,35.874296666666666,80854.0,19605.0
구)효목2동행정복지센터건너,효목2동,128.63918716666666,35.87754888333333,159107.0,12929.0
구)효목2동행정복지센터앞,효목2동,128.6387763333333,35.87761618333333,73400.0,20265.0
구.동부정류장앞,신천4동,128.63447499999998,35.87409333333333,76657.0,53225.0
구.동부정류장건너,효목2동,128.63460666666666,35.873956666666665,136721.0,16632.0
영남일보건너,신천4동,128.6264777,35.869108783333346,34759.0,10762.0
MBC네거리,신천3동,128.62619666666666,35.86821833333333,119045.0,24350.0
신암보성아파트건너,신암4동,128.625025,35.88753333333333,14676.0,6112.0
강남약국앞2,신암2동,128.61138333333335,35.88038333333333,106082.0,12023.0
공고네거리2,신암3동,128.61594515,35.88140735,122882.0,38253.0
공고네거리1,신암1동,128.61597178333332,35.88160736666667,297289.0,124236.0
대구동부고용복지플러스센터,신암3동,128.61712744999997,35.88164331666667,171369.0,63799.0
평화시장(닭똥집골목)건너,신암3동,128.62066666666666,35.88248833333333,260738.0,68698.0
평화시장(닭똥집골목)앞,신암1동,128.62145,35.882813333333345,582526.0,128366.0
파티마병원건너1,신암3동,128.62259666666665,35.88294333333333,220641.0,173121.0
경진초등학교앞,복현1동,128.6193807,35.89067394999999,234903.0,17265.0
경진초등학교건너,신암1동,128.61909198333333,35.89038643333333,79961.0,71077.0
경대아파트건너,복현1동,128.61748833333334,35.889381666666665,372659.0,34463.0
경대아파트앞,신암1동,128.617205,35.88904166666667,83967.0,34359.0
경북대학교정문건너,신암1동,128.61449666666667,35.884985,122263.0,52340.0
신암초등학교건너,신암1동,128.61240166666667,35.88259333333333,66324.0,39401.0
K-2입구,동촌동,128.64487666666668,35.894208333333346,35475.0,10632.0
강산아파트건너,지저동,128.64125491666667,35.895232766666666,52252.0,109630.0
강산아파트앞,지저동,128.64088999999998,35.895483333333345,62105.0,16830.0
공항시장건너,지저동,128.63784166666667,35.896863333333336,139282.0,9056.0
공항시장앞,지저동,128.63788000000002,35.89659166666667,50679.0,35751.0
지저동행정복지센터건너,지저동,128.63740466666664,35.893699666666656,208951.0,26754.0
지저동행정복지센터앞,지저동,128.63755971666666,35.89384491666667,57059.0,17638.0
대구국제공항앞,지저동,128.636525,35.89921000000001,349859.0,103230.0
대구국제공항건너,지저동,128.63659694999998,35.89889006666667,369975.0,150509.0
불로삼거리,지저동,128.63639333333333,35.90183833333333,14232.0,129278.0
불로우방아파트건너,불로.봉무동,128.63107833333333,35.90096166666667,94878.0,29073.0
불로우방아파트앞,불로.봉무동,128.63054333333332,35.900738333333344,113614.0,50477.0
동촌유원지놀이동산앞,효목1동,128.65487333333334,35.87840166666667,3581.0,703.0
망우당공원앞,효목1동,128.65599833333332,35.875995,30032.0,29303.0
반야월저탄장건너,안심1동,128.69938666666667,35.87330499999999,54818.0,37657.0
반야월저탄장앞,안심1동,128.69953999999998,35.873375,85059.0,15888.0
반야월시장2,안심1동,128.70505833333334,35.872701666666664,97771.0,16342.0
반야월역(국철)앞,안심1동,128.70849166666667,35.87233833333333,61621.0,18971.0
반야월역(국철)건너,안심3.4동,128.7097883333333,35.87212833333333,48931.0,41534.0
동부고교건너,안심3.4동,128.71792814999998,35.87188035,19785.0,13729.0
동부고교앞,안심3.4동,128.7170757166667,35.87207848333335,73420.0,24020.0
대림육교1,안심3.4동,128.74207333333334,35.87250333333333,3956.0,208226.0
대림육교2,안심3.4동,128.74262333333334,35.87217166666667,522.0,4314.0
사복동입구교차로건너,안심3.4동,128.74763000000002,35.87195999999999,771.0,12669.0
사복동입구교차로,안심3.4동,128.74860960000004,35.87220960000001,44618.0,29899.0
도평동입구1,불로.봉무동,128.64278833333336,35.90919833333333,7413.0,1845.0
도평동입구2,불로.봉무동,128.64276999999998,35.90923333333333,6576.0,1809.0
화랑교1,방촌동,128.663015,35.87707,14875.0,49868.0
화랑교2,방촌동,128.66247166666665,35.877278333333344,96660.0,6158.0
불로화훼단지건너,불로.봉무동,128.64008,35.906455,1295.0,4594.0
매여동(동구)저탄장,안심2동,128.71815833333332,35.91023499999999,5835.0,199.0
금강동,안심3.4동,128.73638044999998,35.85910620000001,2668.0,179.0
구.동부정류장(남편),신천4동,128.633815,35.871438333333344,45951.0,10396.0
불로화훼단지앞,지저동,128.63787833333333,35.90343,7322.0,12229.0
봉무공원건너,불로.봉무동,128.64113349999997,35.92198723333335,182022.0,7216.0
한국폴리텍대학(섬유패션캠퍼스),불로.봉무동,128.64135556666668,35.92033375000001,5165.0,27771.0
원불교앞,불로.봉무동,128.64151299999997,35.927732000000006,8469.0,9562.0
이시아폴리스더샵1단지,불로.봉무동,128.64114166666667,35.92460666666667,475923.0,32384.0
신생원건너,안심3.4동,128.73257345,35.86473201666667,82.0,2850.0
신생원앞,안심3.4동,128.7326469666667,35.864865366666656,16558.0,232.0
동촌유원지,효목1동,128.65552093333332,35.87803076666667,10935.0,8102.0
신암보성아파트앞,신암4동,128.62490688333335,35.88746025,10320.0,13697.0
용계동3,안심2동,128.68785,35.880495,67.0,1305.0
용계동4,안심2동,128.68782166666668,35.88056333333333,3311.0,524.0
봉무불로파출소,불로.봉무동,128.64129499999999,35.92791333333333,41688.0,16178.0
팔공산IC입구,불로.봉무동,128.64104333333336,35.90773166666667,6902.0,63948.0
이시아폴리스더샵2단지,불로.봉무동,128.64158833333335,35.92576333333333,62541.0,26878.0
한국감정원앞,안심3.4동,128.73010000000002,35.87847166666665,5274.0,3784.0
첨단의료산업진흥재단앞,안심3.4동,128.73572166666665,35.87844166666665,1729.0,2439.0
첨단의료산업진흥재단건너,안심3.4동,128.735375,35.87806666666667,3764.0,829.0
한국산업단지공단앞,안심3.4동,128.73006804999997,35.87941963333333,14971.0,1962.0
LH5단지아파트후문앞,안심3.4동,128.71496833333333,35.88332166666667,5055.0,7482.0
각산푸르지오앞,안심3.4동,128.71394333333333,35.87418,27511.0,14642.0
각산푸르지오건너,안심3.4동,128.71386666666666,35.874795,48000.0,32833.0
새론초등학교건너,안심3.4동,128.71645500000002,35.88534833333333,62170.0,6615.0
이노밸리로1,안심3.4동,128.72152648333335,35.87790335,1629.0,575.0
이노밸리로2,안심3.4동,128.72184448333334,35.87774461666667,1771.0,1361.0
서한이다음1차앞,안심3.4동,128.71474333333333,35.88329833333333,33378.0,2216.0
새론초등학교앞,안심3.4동,128.71639999999996,35.885171666666665,16975.0,6885.0
봉무공원앞,불로.봉무동,128.64151166666667,35.922393333333346,97864.0,28046.0
대구텍스타일콤플렉스,불로.봉무동,128.64093666666668,35.919065,87126.0,10574.0
한국정보화진흥원,안심3.4동,128.73058686666667,35.88072623333333,2851.0,1388.0
혁신2근린공원,안심3.4동,128.73239999999998,35.88143833333333,6662.0,1315.0
한국건강관리협회건너,신천3동,128.62313893333334,35.8686682,22125.0,7134.0
신덕마을입구앞,안심2동,128.68958666666668,35.881996666666666,8142.0,628.0
신덕마을입구건너,안심2동,128.68936081666664,35.881993783333336,11206.0,532.0
혁신도시입구1,안심3.4동,128.7138996,35.87848021666667,52206.0,10267.0
혁신도시입구2,안심3.4동,128.71429535,35.878421533333345,17599.0,10366.0
서한이다음2차앞,안심3.4동,128.71421375,35.880746283333345,33484.0,5437.0
서한이다음2차건너,안심3.4동,128.71459496666665,35.880663733333336,4268.0,5772.0
LH5단지아파트앞,안심3.4동,128.71671666666668,35.882385,13183.0,1170.0
LH5단지아파트건너,안심3.4동,128.71681666666663,35.882131666666666,20185.0,5663.0
새론중학교앞,안심3.4동,128.72548,35.87848666666665,1565.0,712.0
새론중학교건너,안심3.4동,128.72535333333332,35.87832166666667,13838.0,6284.0
한국감정원앞2,안심3.4동,128.72825705000002,35.878322783333346,29352.0,1270.0
신용보증기금앞,안심3.4동,128.72824343333335,35.878024683333344,18370.0,11771.0
NH농협혁신도시지점앞,안심3.4동,128.73259495,35.877867533333344,40841.0,2512.0
NH농협혁신도시지점건너,안심3.4동,128.73256653333334,35.87760516666667,218.0,1630.0
봉무초등학교앞,불로.봉무동,128.6360842,35.92508745,79127.0,322.0
봉무초등학교건너,불로.봉무동,128.6376632333333,35.9250183,479.0,14376.0
이시아폴리스롯데몰앞,불로.봉무동,128.63552848333336,35.92064815000001,473.0,7439.0
이시아폴리스롯데몰건너,불로.봉무동,128.63513366666666,35.92044426666667,52706.0,6266.0
율금초등학교앞,안심1동,128.69248528333335,35.86191584999999,273.0,4236.0
율하체육공원앞,안심1동,128.69517051666668,35.86064456666667,9785.0,5671.0
율하선수촌2단지앞,안심1동,128.69488108333334,35.860877533333344,32525.0,1960.0
율금초등학교건너,안심1동,128.69277385,35.86190705,47729.0,2696.0
숙천초교입구,안심3.4동,128.75133666666667,35.874955,141769.0,17230.0
혁신이노힐즈아파트앞,안심3.4동,128.7477516666667,35.874625,27527.0,1569.0
혁신이노힐즈아파트건너,안심3.4동,128.74840833333334,35.87443333333333,4125.0,2492.0
숙천초교입구건너,안심3.4동,128.75252333333336,35.87489833333333,4751.0,2046.0
한국한의학연구원앞,안심3.4동,128.73202333333333,35.88162666666665,529.0,2412.0
대구그린파워앞,안심2동,128.70371953333333,35.88159168333333,204.0,134.0
대구그린파워건너,안심2동,128.70359296666666,35.88172946666667,81.0,9.0
각산비나리공원앞,안심3.4동,128.71570251666668,35.87879175,23191.0,1805.0
각산비나리공원건너,안심3.4동,128.71550471666666,35.87861573333333,8399.0,1456.0
나불지앞,안심3.4동,128.71913923333335,35.87845398333333,7569.0,4729.0
나불지건너,안심3.4동,128.71886853333336,35.87826648333334,3751.0,767.0
중앙교육연수원앞,안심3.4동,128.73146905000002,35.88411713333333,645.0,2219.0
한국가스공사앞,안심3.4동,128.72961891666668,35.88580673333333,3035.0,2274.0
한국가스공사건너,안심3.4동,128.7296333,35.88567821666665,4927.0,1748.0
한국뇌연구원앞,안심3.4동,128.73132518333333,35.88407521666667,2920.0,278.0
LH10단지아파트건너,안심3.4동,128.74980261666667,35.873193466666656,4063.0,46025.0
LH10단지아파트앞,안심3.4동,128.74978211666667,35.87414755,14184.0,10726.0
대구국제공항여객청사,지저동,128.63730500000003,35.89983140000001,18955.0,1722.0
율하천4교1,안심2동,128.70628298333335,35.88547385000001,150.0,2.0
율하천4교2,안심2동,128.70629645000002,35.88528521666667,22.0,110.0
율하천5교1,안심2동,128.70533675,35.88737518333333,956.0,11.0
율하천5교2,안심2동,128.70554771666667,35.88753461666668,23.0,97.0
송호지서편1,안심2동,128.7025206,35.8897784,52.0,4.0
송호지서편2,안심2동,128.70265138333335,35.88961980000001,4.0,524.0
항공교통본부앞,안심2동,128.70308205,35.89195818333333,575.0,1.0
항공교통본부건너,안심2동,128.70326146666667,35.89185268333333,7.0,152.0
율하천6교1,안심3.4동,128.70832431666668,35.891428083333345,532.0,19.0
율하천6교2,안심3.4동,128.7083900833333,35.891249466666665,285.0,85.0
안심고가교하부1,안심2동,128.70166833333332,35.879,271.0,2630.0
조양회관,효목1동,128.65572686666667,35.87673741666667,523.0,1436.0
숙천초교앞,안심3.4동,128.75248785,35.87682881666667,263.0,1510.0
서한이다음4차앞,안심3.4동,128.75231601666667,35.880117133333336,4937.0,3044.0
LH14단지아파트,안심3.4동,128.75202168333334,35.88273945,14435.0,2814.0
서한이다음4차건너,안심3.4동,128.75228386666666,35.87988361666667,13364.0,1438.0
숙천초교건너,안심3.4동,128.7523802,35.876746366666666,618.0,1187.0
내곡동마을회관,안심3.4동,128.75908013333336,35.88665615,2418.0,187.0
숙천2동마을회관앞,안심3.4동,128.75364009999998,35.88191116666667,41.0,9.0
LH13단지아파트앞,안심3.4동,128.75245656666667,35.88189711666667,19.0,140.0
숙천2동마을회관건너,안심3.4동,128.75358555,35.88193073333333,16.0,1.0
조양회관건너,효목1동,128.65637096666666,35.876559883333336,4119.0,767.0
안심도서관1(서편),안심1동,128.69972166666668,35.85990666666667,1619.0,524.0
안심도서관2(서편),안심1동,128.69971833333332,35.85973,435.0,1425.0
대구보건대학앞2,태전1동,128.54254166666666,35.92723833333333,9782.0,9484.0
칠곡대백맨션앞,태전1동,128.53998833333333,35.932381666666664,3562.0,9093.0
칠곡대백맨션건너,관음동,128.54000166666668,35.93321500000001,51071.0,591.0
한국도로공사건너,관음동,128.54132333333334,35.93643,1026.0,6009.0
한국도로공사앞,관음동,128.5408975,35.936154983333346,66380.0,960.0
칠곡한라타운앞,관음동,128.54179833333333,35.938905,320.0,6072.0
칠곡한라타운건너,관음동,128.54161333333334,35.93957833333333,48536.0,1939.0
관음변전소2,관음동,128.54249833333333,35.942466666666654,321.0,5312.0
관음변전소1,관음동,128.54214,35.942186666666665,69015.0,3285.0
칠곡우방타운앞(종점),읍내동,128.54751000000002,35.947741666666666,45534.0,1966.0
칠곡서한맨션앞,관음동,128.54481166666667,35.93378333333333,1937.0,7626.0
칠곡한신아파트앞1,태전1동,128.543905,35.933733333333336,142059.0,9072.0
칠곡롯데아파트건너,관음동,128.54153666666667,35.934,704.0,3592.0
칠곡롯데아파트앞,태전1동,128.541795,35.93384666666667,94146.0,3088.0
대구은행칠곡지점앞,관음동,128.54894833333336,35.936475,252916.0,70628.0
칠곡중학교앞(칠곡향교앞),읍내동,128.55145356666665,35.94757465,108301.0,6465.0
노원네거리(대구은행건너),침산1동,128.57931000000002,35.90024166666667,7076.0,1849.0
노원네거리4(기업은행),침산1동,128.57916843333334,35.89844991666667,5092.0,6448.0
침산동화타운앞,침산1동,128.57825499999998,35.895591666666654,4830.0,9231.0
침산코오롱하늘채건너,침산2동,128.59753999999998,35.88534,100050.0,24091.0
침산코오롱하늘채앞,침산2동,128.59744895,35.88554676666667,285635.0,51627.0
침산네거리1,침산2동,128.593395,35.88776499999999,141130.0,20482.0
침산네거리2,침산2동,128.593375,35.88783499999999,92484.0,27419.0
침산중학교앞,침산3동,128.58795285,35.88899638333333,73141.0,4877.0
침산중학교건너,침산3동,128.58775,35.888945,33699.0,6241.0
고성지구대1,칠성동,128.58900333333335,35.87933666666667,8753.0,5784.0
고성지구대2,고성동,128.58885999999998,35.879461666666664,28426.0,25201.0
칠성휴먼시아건너,칠성동,128.58967073333332,35.87870068333333,11360.0,12635.0
DGB대구은행파크동편건너,칠성동,128.58964201666666,35.88124846666665,41403.0,44347.0
DGB대구은행파크동편앞,고성동,128.58926913333335,35.880971433333336,28910.0,4521.0
오페라삼정그린코아APT,칠성동,128.59070526666665,35.884654916666676,196672.0,49563.0
이마트칠성점앞,칠성동,128.59037145000002,35.88455521666667,283705.0,25753.0
침산초등학교앞,침산3동,128.58510166666667,35.89037166666667,10625.0,11511.0
침산초등학교건너,침산3동,128.58566833333333,35.890616666666666,63310.0,15232.0
북구보건소앞,침산3동,128.58718166666668,35.891023333333344,112051.0,4543.0
북구보건소건너,침산3동,128.58805166666667,35.89128833333333,46091.0,18009.0
침산3동행정복지센터,침산3동,128.58992066666667,35.89133143333333,140209.0,12231.0
명성푸르지오앞,침산3동,128.59111666666664,35.889105,216006.0,16486.0
명성푸르지오건너,침산3동,128.59126833333332,35.889005,75712.0,21795.0
침산화성파크드림앞,침산2동,128.59123713333335,35.89221098333334,161180.0,35448.0
침산화성파크드림건너,침산3동,128.59140674999998,35.89241723333335,138887.0,27068.0
성북교1,산격1동,128.59458999999998,35.89239833333333,127674.0,25469.0
성북교2,산격1동,128.5945066666667,35.89261333333333,75727.0,39757.0
시청별관건너1,산격1동,128.59782075,35.89073021666667,106955.0,32286.0
시청별관앞(구.경북도청),산격1동,128.59809666666666,35.8908,79966.0,50156.0
성북시장건너,산격1동,128.594535,35.89496,26252.0,11591.0
성북시장앞,산격1동,128.59486333333334,35.895696666666666,105377.0,29355.0
산격문화회관앞,산격1동,128.59561166666666,35.89779833333333,27910.0,25203.0
산격문화회관건너,산격1동,128.59548833333335,35.897535,97231.0,7951.0
산격주공아파트건너,산격1동,128.59638,35.900603333333336,56592.0,64359.0
산격주공아파트앞,산격1동,128.59637333333333,35.90038166666667,273080.0,40431.0
연암네거리1,산격1동,128.597375,35.901815000000006,179908.0,37506.0
연암네거리2,산격2동,128.597375,35.90193,41164.0,5402.0
백사벌네거리1,침산3동,128.58894333333333,35.89948166666667,16733.0,476.0
백사벌네거리2,침산3동,128.58901353333334,35.8998051,28393.0,15083.0
무림제지앞1,침산3동,128.58949166666667,35.89615666666667,6381.0,5205.0
북부상수도사업소,침산3동,128.58943666666667,35.89655666666667,1768.0,13652.0
무림제지건너,침산3동,128.58980333333332,35.89389166666667,10065.0,3917.0
침산초등학교후문,침산3동,128.586765,35.89307833333333,5320.0,445.0
경상여자고등학교건너,침산1동,128.58774,35.901015,41524.0,4988.0
경상여자고등학교앞,침산1동,128.58737333333332,35.900945,76858.0,56808.0
침산남영타운건너,침산1동,128.58521000000002,35.90088,33440.0,18827.0
침산남영타운앞,침산1동,128.585195,35.90075500000001,54119.0,5196.0
노원네거리1(오봉새마을금고앞),침산1동,128.5803498,35.89982345,46517.0,8411.0
노원네거리2(오봉새마을금고건너),침산1동,128.58043504999998,35.899596433333336,84588.0,5425.0
코스트코홀세일건너/복현화성타운앞,복현2동,128.61832648333333,35.90539041666667,66362.0,49202.0
코스트코홀세일앞/복현화성타운건너,산격2동,128.61864068333335,35.90597268333333,425952.0,25540.0
검단유성아파트건너,복현2동,128.62065166666667,35.90721166666665,56532.0,15680.0
검단유성아파트앞,검단동,128.62037166666667,35.90718000000001,212622.0,45467.0
성광고등학교앞,검단동,128.62438999999998,35.909983333333344,4301.0,15536.0
성광고등학교건너,검단동,128.62416000000002,35.90995833333333,130992.0,33030.0
검단동주민센터앞,검단동,128.625865,35.912965,1034.0,9375.0
검단동주민센터건너,검단동,128.62573833333332,35.912985000000006,121873.0,896.0
검단상가아파트건너,검단동,128.62629666666666,35.916588333333344,2332.0,303.0
검단유성아파트(서편),검단동,128.61861666666667,35.90697,115214.0,21804.0
경동산업앞,산격2동,128.61202999999998,35.91133166666667,262.0,4.0
대구우편집중국앞,산격2동,128.614955,35.909825,33016.0,26359.0
엑스코건너,산격2동,128.61060091666664,35.90781185,57424.0,20140.0
텍스빌,산격2동,128.60933500000002,35.906836666666656,94619.0,13500.0
복현네거리,복현2동,128.62380673333334,35.89182023333333,58354.0,98301.0
복현푸르지오아파트건너,신암4동,128.62367833333334,35.89167333333333,171187.0,15371.0
영진고등학교앞,복현2동,128.62133833333334,35.89290666666667,444261.0,169159.0
영진고등학교건너,복현1동,128.620015,35.89351,277934.0,37119.0
영진전문대학후문앞,복현2동,128.61874333333333,35.89478166666667,366321.0,139912.0
영진전문대학후문건너,복현1동,128.6181083333333,35.895016666666656,297477.0,65535.0
복현오거리1,복현1동,128.61561666666665,35.89700000000001,546293.0,94605.0
신세계병원건너,산격2동,128.61408833333334,35.89817333333335,218993.0,150707.0
신세계병원앞,산격3동,128.61338999999998,35.898336666666665,94932.0,104158.0
산격대우아파트앞,산격2동,128.61154666666667,35.899226666666664,598171.0,91461.0
산격종합시장앞,산격3동,128.61052999999998,35.89938499999999,609636.0,166879.0
산격중학교앞,산격2동,128.608445,35.900954999999996,106072.0,21152.0
산격중학교건너,산격4동,128.60854666666668,35.90060500000001,110182.0,127592.0
상수도사업본부시설관리소건너,산격2동,128.60261666666665,35.90245833333333,98378.0,17934.0
상수도사업본부시설관리소앞,산격1동,128.60307,35.902363333333334,14351.0,15408.0
대원유치원앞,산격4동,128.6067942,35.89833586666667,135708.0,11021.0
대원유치원건너,산격3동,128.60666304999998,35.898030199999994,81839.0,81934.0
산격초등학교건너,산격4동,128.60525166666667,35.895405,135095.0,8772.0
산격초등학교앞,산격3동,128.6053062,35.89442105000001,103911.0,14984.0
산격4동행정복지센터앞,산격4동,128.60513638333333,35.89313083333333,80594.0,9593.0
산격4동행정복지센터건너,산격3동,128.6052903,35.89206093333335,12419.0,3025.0
대구은행산격지점앞,산격4동,128.60517166666665,35.89088333333333,11062.0,5172.0
경북대체육센터앞,산격3동,128.60479333333333,35.890151666666654,61948.0,63805.0
경북대학교서문건너,산격4동,128.60297833333334,35.88892999999999,86255.0,17476.0
경북대학교서문앞,산격4동,128.60302543333333,35.88881765,44626.0,18772.0
산격청구맨션앞,산격4동,128.60111,35.889626666666665,68185.0,49839.0
시청별관건너2,산격4동,128.6001916666667,35.88997166666665,75367.0,19933.0
실내체육관건너,산격4동,128.60255166666667,35.891828333333336,48376.0,13819.0
실내체육관앞,산격4동,128.60254833333332,35.89182333333333,64886.0,18823.0
기독교방송국건너,침산2동,128.59820333333334,35.887825,71141.0,28117.0
기독교방송국앞,침산2동,128.59835833333332,35.88799166666667,48670.0,21182.0
오뚜기물류센터,산격2동,128.60775833333335,35.90923333333333,2070.0,224.0
엑스코앞,산격2동,128.61246166666666,35.90828,163217.0,7547.0
동침산네거리,침산2동,128.59936833333333,35.88653833333333,18770.0,19001.0
경대교앞,침산2동,128.60076333333333,35.88603833333333,1878.0,13818.0
경대교건너,침산2동,128.60053166666665,35.885625,9887.0,1762.0
새동네아파트앞,칠성동,128.600845,35.88248,8405.0,20488.0
경북대체육센터건너,산격3동,128.60661333333334,35.891158333333344,137553.0,9599.0
경북대학교북문앞,산격3동,128.61017333333334,35.89320499999999,394615.0,87173.0
경북대학교북문건너,산격3동,128.60976666666667,35.89295666666667,836233.0,37172.0
복현우체국앞,복현1동,128.61297166666665,35.89572333333333,97484.0,79588.0
복현우체국건너,산격3동,128.61368333333337,35.89640333333333,427910.0,52760.0
복현오거리2,복현2동,128.615235,35.898348333333345,130245.0,51421.0
건영아파트건너,산격2동,128.61513333333335,35.89949333333333,176497.0,74671.0
복현대백맨션앞,복현2동,128.61607333333333,35.901585,58007.0,46185.0
복현대백맨션건너,산격2동,128.61609833333333,35.902328333333344,218057.0,24128.0
복현오거리3,복현2동,128.61609833333333,35.897756666666666,1756.0,2915.0
북중학교앞,복현2동,128.62014333333335,35.89860333333333,59102.0,16292.0
복현장미맨션앞,복현2동,128.61868666666666,35.898465,69471.0,23921.0
명문세가APT앞,복현2동,128.62381776666663,35.89776711666668,175845.0,29313.0
명문세가APT건너,복현2동,128.62388166666668,35.897998333333334,99113.0,18245.0
영진전문대학정문앞,복현2동,128.62393166666666,35.89443166666667,241918.0,52719.0
영진전문대학정문건너,복현2동,128.62377999999998,35.89412,148468.0,28305.0
복현서한2차아파트,복현2동,128.62507175000002,35.89976558333333,32410.0,38249.0
복현우방아파트,복현2동,128.62433833333336,35.89940333333333,121181.0,18247.0
대구우편집중국(동편),산격2동,128.615565,35.91094333333333,14.0,234.0
동원약품,산격2동,128.61693766666664,35.90889998333333,99885.0,20895.0
성화여고건너,복현2동,128.61822725,35.90228388333333,144089.0,9079.0
성화여고앞,복현2동,128.61837096666665,35.90194225000001,78997.0,35547.0
복현현대맨션앞,복현2동,128.61770166666665,35.899728333333336,22098.0,5019.0
복현현대맨션건너,복현2동,128.61780333333334,35.89977833333333,26496.0,2573.0
노곡동,관문동,128.56337166666665,35.905663333333344,385814.0,79008.0
연암네거리3,산격2동,128.598985,35.90218833333333,2032.0,24957.0
칠성휴먼시아앞,칠성동,128.58979191666668,35.87883546666667,2099.0,1202.0
칠곡주공그린빌1단지건너,동천동,128.57752666666664,35.949756666666666,27524.0,5919.0
칠곡주공그린빌1단지앞,동천동,128.57734666666664,35.94944666666667,109980.0,3521.0
보병50사단앞,동천동,128.57390666666666,35.947523333333336,22615.0,4071.0
보병50사단건너,동천동,128.574655,35.94782833333333,34047.0,5202.0
칠곡그린빌2차앞,구암동,128.56647013333335,35.942633816666664,189176.0,12626.0
중소기업관앞,산격2동,128.61658166666666,35.90784,17130.0,1771.0
한국패션센터,산격2동,128.61220833333334,35.905425,34577.0,1989.0
산업용재관,산격2동,128.60553833333333,35.905235,44009.0,22077.0
도남동(종점),동천동,128.58877333333334,35.969155,1427.0,426.0
산격거평타운건너,산격2동,128.60273991666665,35.90481965,19093.0,28466.0
산격거평타운앞,산격2동,128.60291,35.905004999999996,25633.0,36636.0
태현초등학교앞,태전1동,128.54203166666667,35.92755833333333,74396.0,657.0
칠곡한신아파트건너,태전1동,128.54448,35.93295833333333,21039.0,3504.0
칠곡한신아파트앞2,태전1동,128.5443786,35.93272396666667,25499.0,3327.0
운암지공원1,구암동,128.56339,35.93151,4704.0,94.0
부영7단지앞,구암동,128.56605833333333,35.93415000000001,304.0,474.0
부영7단지건너,구암동,128.56623000000002,35.93427833333333,5420.0,67.0
그린빌4단지건너,구암동,128.56792333333334,35.93793166666667,9254.0,731.0
그린빌4단지앞,구암동,128.56755333333334,35.93766166666667,5077.0,2032.0
그린빌4단지,구암동,128.56533581666665,35.936603083333345,753.0,10240.0
운암초등학교앞,구암동,128.56467833333332,35.936236666666666,149751.0,1886.0
운암초등학교건너,구암동,128.56472893333333,35.93629028333334,153444.0,9072.0
학남초등학교앞,동천동,128.56656,35.94652,18208.0,2249.0
학남초등학교건너,동천동,128.56635999999997,35.946628333333344,1141.0,8889.0
학남고등학교앞,동천동,128.56946355,35.9467031,37539.0,5109.0
학남고등학교건너,동천동,128.56947499999998,35.94686333333333,17329.0,3139.0
국우동현대아파트앞,동천동,128.57987358333332,35.94782405,52454.0,9520.0
북구구민운동장앞,동천동,128.57386833333334,35.943824383333336,33197.0,24846.0
북구구민운동장건너,구암동,128.57396,35.94363833333333,96881.0,17364.0
칠곡그린빌5단지앞,동천동,128.57025666666667,35.943396666666665,56102.0,13058.0
칠곡그린빌5단지건너,구암동,128.57037,35.943221666666666,29298.0,4845.0
화성그랜드앞,구암동,128.56980666666666,35.940571666666656,2503.0,1133.0
화성그랜드건너,구암동,128.57035499999998,35.94086333333333,3641.0,3195.0
도남동,동천동,128.58400833333332,35.961478333333346,2505.0,7.0
칠곡서한맨션,관음동,128.54444166666664,35.93483000000001,14481.0,1364.0
한양수정아파트,관음동,128.54443999999998,35.934576666666665,6768.0,1180.0
관음공영주차장앞,관음동,128.54443500000002,35.93974166666667,17048.0,1288.0
관음농협앞,관음동,128.54440166666666,35.938708333333345,15372.0,1469.0
관음어린이집,관음동,128.545095,35.94333333333333,11487.0,1572.0
관음동행정복지센터건너,관음동,128.54689318333334,35.945007616666665,10781.0,1014.0
교동초등학교건너,읍내동,128.54857503333332,35.94510648333333,8772.0,1029.0
양지마을앞,관음동,128.54463333333334,35.94617,39908.0,1457.0
칠곡우방타운건너(종점),읍내동,128.54675640000002,35.94754145,8710.0,1036.0
(주)성안건너,검단동,128.62449166666664,35.91493666666667,1569.0,3109.0
검단동대구축협앞,검단동,128.62393166666666,35.915546666666664,57694.0,786.0
검단상가아파트앞,검단동,128.62589,35.91653833333333,6926.0,1404.0
전기재료관1,산격2동,128.60699499999998,35.90522166666665,7412.0,6107.0
전자상가,산격2동,128.60519833333333,35.90534500000001,122440.0,23188.0
국우동현대아파트건너,동천동,128.58005833333334,35.947748333333344,7972.0,926.0
강북중학교건너,구암동,128.565765,35.93907833333333,748.0,9426.0
양지마을건너,관음동,128.54415500000002,35.94566,350.0,4924.0
무림제지앞2,침산3동,128.5886933333333,35.89596500000001,916.0,1319.0
오페라하우스건너,칠성동,128.59262833333332,35.88277333333333,26529.0,6907.0
오페라하우스앞,칠성동,128.5928866666667,35.88288833333333,41052.0,9862.0
베어산업앞,검단동,128.61353,35.914078333333336,337.0,269.0
베어산업건너,검단동,128.61353,35.91430666666667,5677.0,65.0
진흔건설기계공업,검단동,128.6190787,35.91559923333333,1786.0,76.0
혜성정공,검단동,128.619903,35.915848,149.0,588.0
관음중학교(북편),관음동,128.54493166666668,35.94274333333333,16932.0,1335.0
관음동행정복지센터앞,관음동,128.54643218333334,35.94480766666667,18950.0,1454.0
교동초등학교앞,읍내동,128.54855865,35.945041116666665,20272.0,4675.0
성보교통,검단동,128.62180648333333,35.91746063333334,26630.0,4163.0
강북중학교앞,구암동,128.56571499999998,35.93926333333333,80744.0,383.0
유통단지회차지,산격2동,128.60613,35.90815833333333,9051.0,2864.0
북대구초등학교건너,산격2동,128.60946,35.904175,29026.0,1126.0
전기재료관2,산격2동,128.60776833333333,35.90396166666667,1471.0,5372.0
북대구초등학교앞,산격2동,128.610735,35.90467833333333,10088.0,3917.0
검단119안전센터(엑스코),산격2동,128.6149366666667,35.90695333333333,1012.0,1246.0
중소기업관건너,산격2동,128.61674499999998,35.90784833333333,643.0,7570.0
태왕아너스복현건너,복현2동,128.62006833333334,35.900146666666664,39498.0,13809.0
태왕아너스복현앞,복현2동,128.620175,35.90006333333333,98259.0,19697.0
칠곡그린빌2차건너,구암동,128.56633200000002,35.94267200000001,107776.0,8755.0
칠곡그린빌6단지건너,구암동,128.56673999999998,35.944865,6152.0,1654.0
칠곡그린빌6단지앞,동천동,128.56692833333332,35.944936666666656,2466.0,284.0
학정청아람1,동천동,128.57003883333334,35.9513344,11561.0,3712.0
유통단지회차지2,산격2동,128.60577,35.907317000000006,29652.0,749.0
무태교,산격2동,128.596335,35.90259000000001,360.0,9560.0
북구어울아트센터앞,관음동,128.54625094999997,35.93350836666668,1221.0,1655.0
학정청아람2,동천동,128.567947,35.954445,29577.0,536.0
민들레아파트후문앞,검단동,128.62907166666668,35.916498333333344,67128.0,1278.0
민들레아파트후문건너,검단동,128.62905,35.91663000000001,51472.0,2096.0
도남지,동천동,128.5864425,35.96483879999999,1276.0,2.0
대구예담학교,동천동,128.581175,35.95471333333333,1866.0,391.0
복현성모약국앞,복현1동,128.6196952,35.89375993333333,28547.0,11541.0
운암지공원2,구암동,128.56476,35.931845,258.0,1835.0
문주마을앞,관문동,128.52422948333333,35.89814513333333,202.0,416.0
장태실마을건너,관문동,128.53604666666666,35.894825,10254.0,5897.0
장태실마을앞,관문동,128.53585000000004,35.895,6332.0,7310.0
문주마을건너,관문동,128.5246771333333,35.898053683333345,4012.0,408.0
동침산네거리2,침산2동,128.5995616666667,35.88660333333333,1028.0,2600.0
대구국제사격장,관문동,128.52527833333335,35.910536666666665,508.0,77.0
관음변전소3,관음동,128.54190333333332,35.94184166666665,5169.0,1064.0
검단동주민센터1,검단동,128.62800353333336,35.91275423333333,9738.0,312.0
검단동주민센터2,검단동,128.62807645,35.91267606666667,20.0,2294.0
영진교통(종점),검단동,128.62867656666668,35.91743075,3184.0,501.0
침산쌍용예가아파트앞,침산3동,128.58970499999998,35.893625,10449.0,8806.0
e편한세상대구금호건너,관문동,128.50969833333332,35.898888333333346,130860.0,1825.0
e편한세상대구금호앞,관문동,128.50955833333333,35.899555,4476.0,5454.0
금호1,관문동,128.52180166666668,35.89626999999999,61.0,2822.0
금호천년나무1단지동편건너,관문동,128.51713333333333,35.8976,5953.0,14811.0
사수초등학교건너,관문동,128.51401566666667,35.90172986666667,4293.0,12032.0
사수초등학교앞,관문동,128.51411666666667,35.90156666666667,149539.0,2457.0
베네딕도수녀원건너,관문동,128.51774500000002,35.897003333333345,68026.0,4629.0
금호2,관문동,128.52244000000002,35.89666833333333,5882.0,405.0
금호서한이다음아파트앞,관문동,128.51012196666667,35.897168816666664,43492.0,707.0
금호서한이다음아파트건너,관문동,128.51176123333332,35.89690851666667,1978.0,1070.0
금호천년나무1단지앞,관문동,128.51478946666668,35.897338,7468.0,326.0
금호천년나무1단지건너,관문동,128.51486976666666,35.897145183333336,2465.0,6885.0
금호지구종점(시내방향),관문동,128.50962666666666,35.89650500000001,7333.0,732.0
금호지구종점(종점방향),관문동,128.50939713333335,35.89637540000001,11792.0,111.0
금호천년나무1단지동편,관문동,128.51642030000002,35.89879674999999,61427.0,5296.0
베네딕도수녀원,관문동,128.51870284999998,35.89717848333334,35103.0,6403.0
금호천년나무8단지앞,관문동,128.50948290000002,35.89775175,1685.0,1699.0
복현푸르지오아파트앞,복현2동,128.62670276666665,35.89051540000001,43096.0,14659.0
문주마을1,관문동,128.5266282166667,35.90210476666667,3.0,24.0
문주마을2,관문동,128.52629799999997,35.90154855000001,368.0,66.0
국우동현대아파트건너2,동천동,128.58020166666665,35.94909666666667,231.0,624.0
내당광명아파트,내당4동,128.54636954999998,35.86049695,45970.0,24245.0
중리광명맨션건너,내당4동,128.54750166666665,35.86164833333333,141926.0,14650.0
중리광명맨션앞,상중이동,128.54744,35.86177333333333,76460.0,17933.0
퀸스로드건너(동편),상중이동,128.54619333333332,35.8626,74321.0,16021.0
퀸스로드앞(동편),상중이동,128.54613999999998,35.86242833333333,120168.0,26594.0
상중이동행정복지센터건너,상중이동,128.5464399833333,35.865699716666654,42829.0,15055.0
상중이동행정복지센터앞,상중이동,128.54634231666665,35.86651766666667,105724.0,24960.0
중리네거리1,상중이동,128.5465266666667,35.867625,42568.0,21789.0
중리네거리2,상중이동,128.54647666666668,35.86814666666667,49365.0,9914.0
중리롯데캐슬앞,상중이동,128.54729833333334,35.86895666666667,181692.0,30866.0
중리시장앞,평리5동,128.54835000000003,35.86937,72180.0,18279.0
서구문화회관건너,평리5동,128.54675781666666,35.871158333333334,32715.0,13326.0
서구문화회관앞,상중이동,128.54669166666665,35.872436666666665,82286.0,14141.0
평현치안센터건너,평리5동,128.54689599999998,35.87374345,48942.0,7773.0
평리명성아파트앞,평리6동,128.54705725,35.87626841666665,28686.0,10005.0
평리명성아파트건너,상중이동,128.54694833333332,35.876261666666664,49194.0,11419.0
서평초등학교건너,상중이동,128.54530333333332,35.87880500000001,20921.0,6679.0
서평초등학교,평리6동,128.54627666666664,35.878656666666664,35809.0,10979.0
이현삼거리1,상중이동,128.53832,35.87865333333333,8328.0,4764.0
이현삼거리3,상중이동,128.54117499999998,35.878434999999996,22756.0,8210.0
이현자동차검사소앞,상중이동,128.53865489999998,35.873824766666665,61251.0,11011.0
이현자동차검사소건너,상중이동,128.53899478333332,35.87390405,11208.0,8103.0
서대구공단네거리1,상중이동,128.53763833333332,35.86928833333333,9041.0,993.0
서대구공단네거리2,상중이동,128.53797166666666,35.86955833333333,17145.0,9367.0
신도운수앞,상중이동,128.53521,35.86868166666667,10250.0,1750.0
신도운수건너,상중이동,128.53518,35.868516666666665,7677.0,3609.0
서대구공단네거리4,상중이동,128.53847,35.86859000000001,84091.0,23840.0
이현지구대앞,상중이동,128.54272833333334,35.86892666666667,16921.0,8760.0
이현지구대건너,상중이동,128.54393000000002,35.86878166666667,22842.0,11395.0
서대구공단네거리3,상중이동,128.53744999999998,35.86805000000001,41369.0,5011.0
평화정공앞,상중이동,128.53735166666667,35.862305,8966.0,531.0
평화정공건너,상중이동,128.537675,35.862541666666665,1601.0,7383.0
대구의료원건너,상중이동,128.54088000000002,35.85875,109161.0,9304.0
대구의료원앞,상중이동,128.54064,35.858806666666666,46912.0,18192.0
퀸스로드건너,상중이동,128.544795,35.86042166666667,9478.0,12985.0
퀸스로드앞,상중이동,128.544815,35.860596666666666,19960.0,5122.0
죽전그린빌건너,용산1동,128.5329015833333,35.858879216666665,26507.0,20142.0
평리청구타운건너,평리4동,128.55613166666666,35.86457,346430.0,85458.0
평리청구타운앞,평리4동,128.55598500000002,35.86451333333333,348887.0,95518.0
신평리네거리1,평리4동,128.55539,35.86859666666667,167766.0,91846.0
신평리네거리2,평리4동,128.55514,35.868431666666666,223336.0,73192.0
한국폴리텍VI대구대학건너,평리3동,128.55504666666667,35.87193166666667,205199.0,55620.0
한국폴리텍VI대구대학앞,평리5동,128.554835,35.87195999999999,137633.0,75833.0
서구시장앞,평리3동,128.55508043333336,35.8744669,180438.0,50713.0
서구시장건너,평리5동,128.55482666666666,35.87438833333333,230360.0,76118.0
평리네거리1,평리3동,128.55506561666667,35.87733323333333,142733.0,159430.0
평리네거리2,평리6동,128.5547983333333,35.877471666666665,182285.0,50926.0
삼익뉴타운앞,내당4동,128.55001833333333,35.86255999999999,152667.0,30181.0
삼익뉴타운건너,상중이동,128.55096999999998,35.86277666666667,70583.0,27456.0
진달래아파트앞,상중이동,128.55169833333332,35.869746666666664,219691.0,78144.0
진달래아파트건너,평리5동,128.55262666666667,35.870101666666656,140823.0,41830.0
평리광명맨션건너,평리5동,128.55198166666665,35.87498333333335,33572.0,11681.0
평리광명맨션앞,평리6동,128.5528,35.87515666666665,8453.0,3660.0
평리6동주민센터앞,평리6동,128.54870666666665,35.87441166666667,1514.0,6204.0
서부고등학교앞,평리3동,128.55874166666666,35.875651666666656,20134.0,1635.0
서부고등학교건너,평리3동,128.55972946666668,35.87573610000001,23656.0,4446.0
평리3동주민센터건너,평리3동,128.56202833333333,35.87568666666667,27720.0,2376.0
평리중학교건너,평리1동,128.56301226666668,35.87443296666667,20414.0,8095.0
서구청앞,평리4동,128.55891885,35.8712853,455001.0,96398.0
서구청건너,평리4동,128.55828000000002,35.871005,551405.0,76482.0
신평리주유소앞,평리4동,128.55857666666668,35.86409000000001,9908.0,4124.0
평리2동주민센터건너,평리4동,128.56325,35.869263333333336,102320.0,12015.0
평리2동주민센터앞,평리2동,128.56331833333334,35.869121666666665,58331.0,33476.0
한전서대구지사앞,비산4동,128.571015,35.87022833333333,201035.0,42872.0
한전서대구지사건너,비산4동,128.5711016666667,35.87018333333333,208026.0,110631.0
서부시장앞,비산2.3동,128.571185,35.874278333333336,246470.0,69930.0
서부시장건너,비산6동,128.571065,35.87495999999999,329894.0,97906.0
대구은행북비산지점건너2,비산2.3동,128.57133000000002,35.876805,18432.0,14792.0
대구은행북비산지점앞,비산6동,128.57118833333334,35.87814,436545.0,76187.0
비산6동주민센터앞,비산6동,128.56952356666667,35.875997166666664,6373.0,1283.0
비산6동주민센터건너,비산6동,128.5696271333333,35.875891866666656,5859.0,11918.0
평리1동주민센터앞,평리1동,128.56518833333334,35.87579500000001,29419.0,1828.0
평리1동주민센터건너,평리1동,128.56359833333332,35.875736666666654,982.0,1071.0
KT서대구지사앞,평리2동,128.56397166666665,35.87196166666667,163463.0,70146.0
달서교회건너,비산4동,128.568655,35.87227333333333,229944.0,56275.0
평리광명네거리,평리3동,128.55615333333333,35.875661666666666,4249.0,7845.0
비산지하도1,비산2.3동,128.57199825,35.88094394999999,130579.0,55129.0
대구제일고등학교건너,비산4동,128.57359,35.87219,283641.0,85976.0
대구제일고등학교앞,비산4동,128.57397,35.87196166666667,296368.0,205446.0
대구은행평리동지점건너,평리6동,128.55001,35.87891833333333,40091.0,14663.0
대구은행평리동지점앞,평리6동,128.55067666666667,35.87878833333333,74166.0,27110.0
대평리시장,평리3동,128.558415,35.87908166666667,179653.0,10370.0
서대구중학교앞,평리3동,128.55808471666666,35.87924923333333,79379.0,62000.0
대평중학교건너,평리3동,128.56124,35.87916333333333,101116.0,10848.0
대평중학교앞,평리3동,128.56104,35.879331666666666,68666.0,19521.0
비산초등학교건너,평리1동,128.56564666666665,35.87952666666667,103756.0,15344.0
비산초등학교앞,평리1동,128.56516333333332,35.879331666666666,156803.0,27258.0
북비산네거리1,비산6동,128.56908166666665,35.87943666666667,84836.0,63386.0
북비산네거리2,비산1동,128.57001333333335,35.87967166666667,100819.0,20146.0
인동촌시장입구,비산2.3동,128.57285000000002,35.87929166666667,144818.0,8873.0
인동촌시장건너,비산2.3동,128.57432666666668,35.879131666666666,34783.0,28342.0
비산지하도2,비산1동,128.57172333333335,35.880775,243539.0,54923.0
대구의료원라파엘웰빙센터,상중이동,128.537585,35.86001666666665,23022.0,5249.0
새방지하도1,상중이동,128.52974931666668,35.86769183333333,27023.0,2286.0
새방지하도2,상중이동,128.52951140000002,35.86774391666667,27605.0,821.0
경원고등학교앞,용산2동,128.52583405,35.86476704999999,16853.0,643.0
경원고등학교건너,용산2동,128.52525,35.864408333333344,8663.0,1572.0
KT서대구지사건너,평리2동,128.56412666666665,35.871811666666666,229964.0,39411.0
이현삼거리2,상중이동,128.53948499999998,35.877316666666665,22733.0,3515.0
북부정류장,비산7동,128.55579666666665,35.88435166666667,820513.0,155597.0
상리동입구1,상중이동,128.53206,35.88202166666667,373.0,1195.0
상리동입구2,상중이동,128.531915,35.882076666666656,33331.0,1897.0
상리동종점,상중이동,128.52989333333335,35.88335666666667,29.0,936.0
대구은행북비산지점건너1,비산2.3동,128.57135333333332,35.87790666666667,153955.0,34627.0
달서교회앞,평리2동,128.56773833333332,35.87202166666667,213277.0,100154.0
평리중학교앞,평리1동,128.56294499999998,35.874353333333346,26924.0,3458.0
서진중학교건너,평리6동,128.55318666666665,35.87904333333333,6232.0,6597.0
상리동종점2,상중이동,128.530228,35.88334000000001,9661.0,62.0
달서천하수종말처리장앞,비산7동,128.54203568333332,35.88305458333333,133.0,50.0
달서천하수종말처리장건너,상중이동,128.54222321666668,35.88290525,1490.0,163.0
서부소방서,평리6동,128.55367800000002,35.882147,119.0,576.0
상리동입구,상중이동,128.53592500000002,35.878352,30161.0,4069.0
서도초등학교서편2,평리2동,128.5637461,35.8666141,54633.0,13410.0
서도초등학교서편1,평리4동,128.56357711666666,35.86670806666667,62581.0,11481.0
열병합발전소건너,비산7동,128.54858653333335,35.88257091666666,222.0,4.0
열병합발전소앞,평리6동,128.5485666,35.88245061666667,25.0,23.0
대구의료원라파엘웰빙센터건너,상중이동,128.53733833333334,35.859791666666666,17693.0,14824.0
상리동종점3,상중이동,128.52817,35.882458333333346,23219.0,1038.0
중리롯데캐슬정문앞,상중이동,128.54971223333334,35.86638325000001,16515.0,3441.0
경덕여고,상중이동,128.55023166666666,35.863764999999994,20053.0,8411.0
중리중학교,상중이동,128.55046333333334,35.863423333333344,34919.0,3014.0
달서초교,상중이동,128.54976000000002,35.86702000000001,29653.0,2597.0
중리시장건너1,상중이동,128.54931166666665,35.86853166666665,8660.0,4113.0
중리시장건너2,상중이동,128.54952833333334,35.868368333333336,6144.0,24339.0
금호화물자동차공영차고지,상중이동,128.53220258333334,35.88561451666667,3034.0,413.0
비산웰빙하와이건너,비산6동,128.56706166666666,35.87589000000001,32579.0,1955.0
비산웰빙하와이앞,비산6동,128.56771666666666,35.87582833333333,21979.0,1860.0
위생처리장1,비산7동,128.53408483333337,35.884343599999994,5216.0,2458.0
위생처리장2,상중이동,128.53397391666664,35.88327011666667,2854.0,12345.0
비산초등학교정문,평리1동,128.56310799999997,35.8771311,5307.0,5737.0
평리6동주민센터건너,평리5동,128.5485362,35.874254283333336,15229.0,5153.0
한국방송통신대학교건너,신당동,128.49331666666663,35.85924833333333,24527.0,9023.0
한국방송통신대학교앞,신당동,128.4946383333333,35.85935666666667,3246.0,4852.0
계명문화대학앞,신당동,128.4919066666667,35.85852166666667,149007.0,216863.0
계명문화대학건너,신당동,128.49219499999998,35.85871666666666,167653.0,15130.0
비철금속협업단지앞,신당동,128.49219833333333,35.84187166666665,66595.0,4514.0
모다아울렛앞,신당동,128.49176500000002,35.83917,34972.0,30276.0
기업은행죽전동지점건너,죽전동,128.53725333333333,35.85719333333333,77022.0,11510.0
죽전그린빌앞,죽전동,128.53416166666665,35.85872166666665,92972.0,14252.0
2차서한화성타운앞,용산1동,128.52872756666667,35.85891325000001,204920.0,46617.0
2차서한화성타운건너,용산1동,128.52775666666668,35.858698333333344,457717.0,23590.0
용산2동행정복지센터앞,용산2동,128.52204924999998,35.85865855,337795.0,33187.0
성서보성타운2차앞,용산2동,128.51941000000002,35.858955,88295.0,17863.0
성서보성타운2차건너1,용산2동,128.51864286666665,35.85877925,75098.0,9482.0
대백한라무지개타운앞,이곡1동,128.51330101666665,35.85908730000001,109599.0,18689.0
대백한라무지개타운건너,이곡1동,128.51389,35.85886666666667,199318.0,9592.0
성서푸른마을아파트앞,이곡1동,128.50957090000003,35.8591256,30758.0,13825.0
성서서한2차타운1,이곡2동,128.50659166666668,35.858968333333344,104561.0,5247.0
성서동서서한타운건너,이곡2동,128.50328499999998,35.85916500000001,38251.0,6470.0
성서동서서한타운앞,이곡2동,128.50249666666664,35.85905,55038.0,4741.0
신당동행정복지센터건너,신당동,128.49895753333334,35.85932864999999,17083.0,16513.0
신당동행정복지센터앞,신당동,128.4993688166667,35.859068816666664,86831.0,4837.0
성서주공2단지건너,신당동,128.49891166666666,35.85556,211539.0,115279.0
성서주공2단지앞,신당동,128.49903333333333,35.85545833333333,439258.0,39950.0
이곡장미공원건너,이곡1동,128.51544166666665,35.85764500000001,23607.0,7487.0
이곡장미공원앞,이곡1동,128.5153137833333,35.85748084999999,33553.0,5697.0
성서청구타운건너,용산2동,128.52108,35.85575333333335,153014.0,11250.0
본리초교네거리2,본리동,128.53681594999998,35.84263016666667,18543.0,4531.0
본리초교네거리1,본리동,128.53723413333333,35.842599816666656,22088.0,13022.0
덕인초등학교앞,본리동,128.53673999999998,35.839445,14921.0,3396.0
덕인초등학교건너,본리동,128.53710666666666,35.838985,13389.0,5488.0
본리네거리2,본동,128.53801,35.837316666666666,107628.0,15609.0
성서농협남부지소,본동,128.54093999999998,35.837241666666664,131116.0,38559.0
본리아카시아맨션,본동,128.54211833333332,35.837415,53847.0,19724.0
대구공업대학1,본동,128.54557166666666,35.83715333333335,163956.0,40623.0
대구공업대학2,본동,128.54586333333333,35.837356666666665,65853.0,37042.0
본리119안전센터2,본리동,128.54466651666664,35.83825486666667,93448.0,45562.0
본리119안전센터1,본리동,128.54481246666668,35.838374716666664,313001.0,75000.0
제일여자상업고등학교건너,본리동,128.54470248333334,35.84177238333333,175420.0,56466.0
성당코오롱하늘채2,감삼동,128.54459601666667,35.844438583333336,157983.0,62588.0
대구광역시교육연수원앞,감삼동,128.54513166666666,35.84720166666667,82987.0,60320.0
성당코오롱하늘채,감삼동,128.54272766666665,35.843559716666654,69378.0,21268.0
성당래미안·e-편한세상앞,본리동,128.54273999999998,35.843405,119642.0,40806.0
본리초등학교앞,감삼동,128.53924833333335,35.84355333333333,73435.0,28015.0
본리초등학교건너,본리동,128.53909166666665,35.843478333333344,103651.0,22812.0
남대구IC1,본동,128.53434095,35.83722056666667,204046.0,13891.0
남대구IC2,본동,128.53302166666666,35.83743166666667,79714.0,11753.0
남부자동차종합시장앞,장기동,128.523075,35.83690166666667,15797.0,5549.0
남부자동차종합시장건너,월성2동,128.522975,35.83670333333335,40766.0,8804.0
경희강재건너,장기동,128.51661166666665,35.83654999999999,9679.0,6540.0
경희강재앞,월성2동,128.51712,35.83632833333333,31472.0,1433.0
중앙일보건너,장기동,128.51000000000002,35.83590166666667,12573.0,12330.0
대구비지니스센터앞,이곡2동,128.50716534999998,35.836921200000006,60778.0,7711.0
대구비지니스센터건너,장기동,128.5074316666667,35.837446666666665,55599.0,8458.0
금복주건너,장기동,128.5071,35.84176333333333,32946.0,7503.0
금복주앞,장기동,128.50740499999998,35.84285666666665,25739.0,8573.0
내일교회건너,장기동,128.58891333333335,35.82898333333333,2878.0,639.0
내일교회앞,장기동,128.515925,35.83888333333333,7078.0,660.0
푸드웰건너,월성2동,128.49916666666667,35.83512,41542.0,650.0
한국산업인력공단건너,월성2동,128.50529486666667,35.83531488333333,37391.0,794.0
한국산업인력공단앞,이곡2동,128.50448164999997,35.83556285,754.0,3274.0
푸드웰앞,이곡2동,128.50053833333334,35.83540666666667,762.0,3915.0
본리네거리,본동,128.53675333333334,35.836059999999996,34073.0,5523.0
본동시장앞,본동,128.53707333333332,35.83442333333333,15146.0,19589.0
본동시장건너,본동,128.53723333333332,35.83455166666667,87771.0,12323.0
월성주공5단지앞,본동,128.53662775,35.83215318333333,94433.0,69004.0
달서구청앞,월성2동,128.53373833333333,35.82975666666667,73465.0,38106.0
달서구청건너,월성1동,128.533895,35.82948666666667,169493.0,32636.0
월성청구코아건너,월성1동,128.53180000000003,35.82752166666667,235953.0,22007.0
월성주공2단지앞,월성2동,128.52771333333334,35.828485,121836.0,19842.0
월성푸르지오앞,월성1동,128.52825,35.82764500000001,166147.0,40636.0
월성2동행정복지센터앞,월성2동,128.52824858333332,35.83108883333333,332066.0,34404.0
월성2동행정복지센터건너,월성2동,128.52762603333335,35.83091894999999,150201.0,28534.0
월성주공4단지건너,월성2동,128.53348,35.83130999999999,401028.0,51198.0
월성주공4단지앞2,월성2동,128.53268166666666,35.83137833333333,211716.0,50399.0
올림픽기념관앞,본동,128.54112333333333,35.83390833333333,137542.0,28385.0
올림픽기념관건너,본동,128.540985,35.83397333333333,92022.0,45362.0
대구공업대학건너,본동,128.54476731666668,35.83632203333333,95061.0,39423.0
대구공업대학앞,본동,128.5446176,35.83602501666665,83671.0,23208.0
월성e-편한세상건너,월성1동,128.53131166666665,35.82467166666667,202849.0,36778.0
월성e-편한세상앞,월성1동,128.53172783333332,35.823935316666656,166385.0,52732.0
대곡주공8단지건너,도원동,128.53050333333334,35.80730666666667,50137.0,7616.0
대곡주공8단지앞,도원동,128.52926135,35.80769163333333,231964.0,19639.0
교대부설초등학교건너,도원동,128.53150995,35.80586413333333,73539.0,5873.0
교대부설초등학교앞,도원동,128.53177333333332,35.805365,4594.0,16239.0
대곡주공7단지앞,도원동,128.53368166666667,35.804333333333346,185663.0,16600.0
대곡주공6단지앞,도원동,128.53355753333332,35.80447135,50185.0,7280.0
대곡강산타운건너,도원동,128.53531745,35.8051549,75573.0,15861.0
대곡중학교앞,도원동,128.533265,35.807006666666666,16193.0,341.0
대곡중학교건너,도원동,128.53284833333333,35.807206666666666,164.0,4277.0
대곡사계절타운건너,도원동,128.53809166666667,35.80659166666667,144678.0,4910.0
대곡사계절타운앞,도원동,128.5383644833333,35.80674003333333,55282.0,21845.0
대곡주공2단지앞,도원동,128.54040833333332,35.806301666666656,217311.0,8274.0
대곡주공1단지앞,도원동,128.54068166666667,35.80653500000001,55119.0,20795.0
기업은행대곡지점앞,도원동,128.53599833333334,35.80840833333333,334500.0,8275.0
기업은행대곡지점건너,도원동,128.53581333333335,35.808068333333345,10124.0,33091.0
상인동서타운앞,상인1동,128.5438805166667,35.81306928333333,183539.0,33534.0
보성산호타운앞,상인2동,128.54386833333334,35.81195666666667,25358.0,16862.0
보성산호타운건너,상인2동,128.54334666666668,35.811661666666666,27602.0,6755.0
대동시장1,상인2동,128.53835166666667,35.811341666666664,48558.0,7394.0
대동시장2,상인2동,128.537725,35.81136,110364.0,5374.0
상인동화아이위시아파트앞,상인2동,128.54596281666667,35.81076325000001,13949.0,19617.0
상인동화아이위시아파트건너,상인3동,128.54676233333333,35.810312466666666,178412.0,12860.0
월곡네거리,상인2동,128.547935,35.80883666666667,825.0,6374.0
월배농협대덕지점건너,상인3동,128.54543999999999,35.81270166666665,17308.0,5193.0
상인한서타운앞,상인1동,128.54704833333332,35.81384999999999,29317.0,4714.0
상인청구타운건너,상인1동,128.54635166666668,35.815936666666666,34726.0,3803.0
상인청구타운앞,상인1동,128.54641,35.81572833333333,19570.0,4443.0
장동초등학교앞,장기동,128.53290166666665,35.843626666666665,37934.0,15153.0
장관빌라앞,송현1동,128.55955666666665,35.82807000000001,2510.0,2067.0
대덕승마장건너,송현1동,128.55368333333337,35.82351166666667,2720.0,504.0
대덕승마장앞,송현1동,128.55367333333334,35.823085,614.0,937.0
월촌고가교2,상인3동,128.54863999999998,35.814745,5578.0,612.0
월촌고가교1,상인1동,128.54897,35.8151,1264.0,1699.0
상인제림아파트앞,상인3동,128.54841323333332,35.81321111666667,19721.0,14950.0
상인제림아파트건너,상인3동,128.54857333333334,35.813341666666666,27324.0,4720.0
상인비둘기1단지아파트건너,상인3동,128.55127898333333,35.80914476666667,47858.0,10528.0
상인비둘기1단지아파트앞,상인3동,128.55125313333332,35.80937203333333,155265.0,7769.0
상인은행아파트건너,상인3동,128.55042313333334,35.80836146666667,83901.0,14068.0
보훈병원건너,도원동,128.55061478333334,35.80235501666665,29.0,354.0
보훈병원앞,도원동,128.55086833333334,35.80294166666667,37261.0,1326.0
상인비둘기2단지아파트앞,상인3동,128.55481525000002,35.80845924999999,158509.0,20204.0
상인장미아파트앞,상인3동,128.55637408333334,35.80806926666667,118264.0,18139.0
앞산궁도장건너,송현1동,128.56089,35.82824166666667,9153.0,1423.0
중앙일보앞,월성2동,128.51249166666668,35.83594,50353.0,1671.0
궁전아파트건너,감삼동,128.53545,35.84359833333333,14805.0,7384.0
궁전아파트앞,장기동,128.53539333333336,35.84355166666667,37838.0,9039.0
성곡중학교건너,용산2동,128.52145666666667,35.86092833333333,13337.0,6964.0
성곡중학교앞,용산2동,128.52159833333332,35.860906666666665,15281.0,1444.0
용산1동행정복지센터건너,용산1동,128.53045453333334,35.85553716666666,75719.0,33449.0
용산1동행정복지센터앞,용산1동,128.5307431,35.85504246666665,32133.0,12933.0
토지주택공사건너,상인2동,128.5458,35.808416666666666,46250.0,17720.0
토지주택공사앞,도원동,128.544795,35.80811833333333,131082.0,10678.0
월광수변공원,도원동,128.54878666666667,35.798475,35498.0,3154.0
용산종합큰시장건너,용산1동,128.53047641666666,35.85795328333333,133352.0,6951.0
용산종합큰시장앞,용산1동,128.53066333333334,35.85722333333333,53422.0,17720.0
삼성래미안2차앞,진천동,128.52357833333332,35.807521666666666,137452.0,43595.0
희성전자앞,신당동,128.47816,35.84526,1060.0,645.0
은행APT입구,도원동,128.54959333333332,35.80717166666667,3986.0,4959.0
월성주공4단지앞1,월성2동,128.53126333333333,35.83251333333333,41524.0,4901.0
현대백조아파트앞,본리동,128.53074809999998,35.84122501666665,37757.0,14586.0
용산2동행정복지센터건너,용산2동,128.52302356666667,35.858904683333336,69282.0,34953.0
성서푸른마을아파트건너,이곡1동,128.50898166666667,35.858955,98411.0,11479.0
모다아울렛건너,신당동,128.49217166666668,35.83877000000001,174591.0,18251.0
한국산업은행성서지점앞,월성2동,128.49542666666667,35.83500499999999,46386.0,755.0
월성청구코아앞,월성2동,128.53173166666664,35.827655,121040.0,40393.0
한국산업은행성서지점건너,신당동,128.49497000000002,35.83519666666667,4742.0,9685.0
대곡강산타운,도원동,128.53549999999998,35.805095,328429.0,22159.0
상인은행아파트앞,상인3동,128.54981666666666,35.80809333333333,99821.0,23399.0
한화꿈에그린앞,신당동,128.49132666666668,35.863545,135040.0,37666.0
한화꿈에그린건너1,신당동,128.491415,35.86484333333333,18591.0,17233.0
희성전자건너,신당동,128.4779816666667,35.84511999999999,1428.0,630.0
케이에스건너,신당동,128.47792246666668,35.84265141666667,2400.0,551.0
케이에스앞,신당동,128.47815623333332,35.842844983333336,3494.0,466.0
금호기전,신당동,128.4779816666667,35.84106999999999,1870.0,450.0
대홍철강,신당동,128.47813333333335,35.840453333333336,5509.0,622.0
화영테크건너,신당동,128.48166891666668,35.83955566666665,3124.0,927.0
화영테크앞,신당동,128.48220586666667,35.839746700000006,3375.0,505.0
성서협업단지건너,신당동,128.48487333333333,35.839723333333346,3652.0,240.0
성서협업단지앞,신당동,128.48543333333333,35.839551666666665,4020.0,674.0
한국환경자원공사건너,신당동,128.48655166666668,35.83505666666667,378.0,245.0
한국환경자원공사,신당동,128.486985,35.83485333333333,546.0,374.0
모다아울렛,신당동,128.489935,35.835025,2230.0,1437.0
대구시설관리사업소,월성2동,128.489655,35.83484,5405.0,1953.0
흥성정공건너,월성2동,128.49992833333332,35.82513166666667,4691.0,85.0
흥성정공앞,월성2동,128.49998,35.82585666666667,2395.0,314.0
영진산업,월성2동,128.49990333333332,35.827966666666654,2741.0,83.0
일심제약,월성2동,128.50000500000002,35.829715,1218.0,370.0
성서공단물류센터,월성2동,128.49992833333332,35.830905,4498.0,135.0
대구지료재생사,월성2동,128.50005666666667,35.83269833333333,1632.0,2454.0
덴티스앞,월성2동,128.49998,35.83383,2847.0,365.0
와룡시장건너,이곡2동,128.49990333333332,35.85612000000001,18745.0,2496.0
와룡공원앞,이곡2동,128.49998,35.85856833333333,6448.0,1970.0
와룡공원건너,신당동,128.49990333333332,35.858453333333344,3761.0,11038.0
경창산업,월성2동,128.50715166666666,35.833346666666664,19361.0,2824.0
유림물산,월성2동,128.50740499999998,35.83349166666667,28761.0,7700.0
삼보,월성2동,128.50720665,35.8310531,13943.0,2464.0
쌍용머티리얼,월성2동,128.50735500000002,35.83098666666667,26495.0,2320.0
세흥인쇄,월성2동,128.50717666666665,35.828603333333334,13956.0,2212.0
경북크랑크,월성2동,128.5074316666667,35.828838333333344,26837.0,1038.0
대천119안전센터앞,월성2동,128.50720166666667,35.825436666666654,12113.0,1776.0
대천119안전센터건너,월성2동,128.50745666666666,35.82606,28914.0,872.0
평안,월성2동,128.50720166666667,35.82349166666667,7900.0,1104.0
풍국주정공업,월성2동,128.50735500000002,35.823085,17025.0,1795.0
현대금속,월성2동,128.50475999999998,35.82047833333333,18657.0,7379.0
제일규산,월성2동,128.504965,35.82037666666667,13555.0,1144.0
㈜윔스건너,월성2동,128.50738,35.81939000000001,1490.0,2999.0
㈜윔스앞,월성2동,128.507685,35.81938500000001,3560.0,272.0
아멕스,월성2동,128.51221166666667,35.824076666666656,5438.0,773.0
아멕스건너,월성2동,128.51170333333332,35.8233,8454.0,628.0
월암교2,월성2동,128.51244166666666,35.82637166666667,3227.0,925.0
월암교1,월성2동,128.51261833333334,35.82630166666667,14293.0,370.0
영일무역앞,월성2동,128.51488166666667,35.82869833333333,1776.0,777.0
영일무역건너,월성2동,128.51506,35.82873,3455.0,142.0
대중인벤트,월성2동,128.515875,35.83213833333333,3678.0,547.0
영화,월성2동,128.51597666666666,35.83214500000001,8428.0,1564.0
삼익THK건너,월성2동,128.51595,35.83555166666667,1924.0,451.0
삼익THK앞,월성2동,128.51582333333332,35.835456666666666,3521.0,584.0
한국타이어건너,장기동,128.51579833333332,35.842551666666665,3534.0,912.0
한국타이어,장기동,128.515925,35.84247666666667,3380.0,13266.0
현대백조아파트(북편),본리동,128.53182418333336,35.841816566666665,58326.0,1355.0
영남네오빌비스타,장기동,128.53262333333333,35.841945,8401.0,13447.0
달서구새마을회건너,본리동,128.535005,35.841803333333345,47694.0,1249.0
달서구새마을회앞,장기동,128.53508666666667,35.841955,768.0,4057.0
새본리중학교앞,본리동,128.54026833333333,35.84010833333333,31673.0,2996.0
본리도서관앞,본리동,128.5408416666667,35.840016666666656,8443.0,10970.0
달서종합시장건너,본리동,128.542785,35.839395,20912.0,3372.0
달서종합시장앞,본리동,128.5432833333333,35.839558333333336,8259.0,3369.0
본리롯데캐슬,본리동,128.54639,35.839385,32678.0,2727.0
상서고등학교건너,두류3동,128.55196833333332,35.847184999999996,18994.0,1855.0
상서고등학교앞,두류3동,128.55172166666668,35.84707500000001,9240.0,1982.0
성서청구타운앞,용산2동,128.52103166666666,35.85628166666667,60203.0,13280.0
대건고교-효성여고2,본동,128.5306325,35.836014733333336,34129.0,6660.0
월성주공3단지,월성2동,128.53119333333333,35.83244000000001,24357.0,15146.0
대건고교-효성여고1,본동,128.53077636666666,35.83612941666666,48253.0,9251.0
현대백조아파트건너,본리동,128.530475,35.84084,36528.0,5687.0
성산초등학교앞,이곡1동,128.51758,35.857186666666664,18528.0,2424.0
성산중학교앞,이곡1동,128.51792166666667,35.857045,47185.0,3637.0
성서보성타운2차건너2,용산2동,128.51773833333334,35.85868166666667,14798.0,1736.0
전자관,산격2동,128.6086313,35.906958866666656,48368.0,13874.0
성서4차산업단지앞1,월성2동,128.505673,35.816593,1164.0,119.0
대천교,월성2동,128.50394833333334,35.81736833333333,50232.0,70393.0
대성테크앞,월성2동,128.503137,35.82482200000001,1502.0,370.0
삼우섬유앞,월성2동,128.50315799999998,35.82478000000001,3609.0,370.0
삼성물류센터앞,신당동,128.49169799999999,35.842287000000006,746.0,16880.0
신흥버스,신당동,128.49309511666667,35.83515231666667,134746.0,9036.0
조암초등학교앞,월성1동,128.52668483333335,35.82483615,104439.0,7960.0
월성코오롱하늘채앞,월성1동,128.5225092,35.823286966666664,49184.0,6584.0
월성코오롱하늘채건너,월성1동,128.522435,35.82355166666667,28868.0,2845.0
조암초등학교건너,월성1동,128.52756166666668,35.82550166666667,38902.0,7280.0
성서주공5단지앞,용산2동,128.52097263333332,35.85804975,20908.0,4695.0
송현교2,송현1동,128.55660166666667,35.82598333333333,306.0,85.0
청남타운앞,이곡2동,128.49987471666665,35.85379818333333,5403.0,11972.0
조암네거리1,월성1동,128.51922000000002,35.821055,5787.0,2622.0
조암네거리2,월성1동,128.51922166666665,35.820846666666654,1353.0,2281.0
웃는얼굴아트센터1,장기동,128.52375183333334,35.84330398333333,5366.0,659.0
웃는얼굴아트센터2,장기동,128.52381753333333,35.84354993333333,18742.0,914.0
본리네거리3,본리동,128.53844833333332,35.83757,24198.0,21231.0
성림첨단산업건너,신당동,128.48571333333334,35.836641666666665,3617.0,128.0
성림첨단산업앞,신당동,128.4858847,35.836635750000006,2525.0,365.0
청남타운건너,신당동,128.49970348333332,35.85383308333333,10739.0,7559.0
상화네거리,상인2동,128.53616666666667,35.810716666666664,2780.0,20269.0
성당초교앞,본리동,128.54742,35.83956333333333,6713.0,4318.0
대진중고등학교건너,진천동,128.52083666666667,35.80614,8008.0,1932.0
정부대구지방합동청사앞,진천동,128.51658333333336,35.804055,3971.0,1750.0
정부대구지방합동청사건너,진천동,128.51728500000002,35.80381166666667,3768.0,985.0
대진중고등학교앞,진천동,128.52047166666668,35.80579833333333,12651.0,2670.0
정부대구지방합동청사후문1,진천동,128.51779666666667,35.80475333333333,322.0,2202.0
성서4차산업단지앞2,월성2동,128.50451,35.81736,32833.0,9621.0
e-편한세상월배앞,월성1동,128.52325091666665,35.82737755000001,2286.0,1360.0
e-편한세상월배건너,월성1동,128.52350138333335,35.827360666666664,15382.0,1781.0
대곡주공5단지앞,도원동,128.53144226666666,35.80951006666667,1127.0,4415.0
대곡주공5단지건너,진천동,128.53230948333334,35.80989260000001,12139.0,1837.0
남도버스1,진천동,128.52731823333335,35.80775028333333,6758.0,477.0
남도버스2,진천동,128.52740833333334,35.808203333333346,42528.0,5491.0
대천공영차고지앞,월성2동,128.50506666666664,35.81661126666665,7671.0,1409.0
성서국민체육센터앞,이곡2동,128.50622428333332,35.859235583333344,12944.0,4687.0
한화꿈에그린건너2,신당동,128.49206393333333,35.86267806666667,424.0,2708.0
월배아이파크2차앞,진천동,128.51066068333333,35.81694716666666,8916.0,16175.0
월배아이파크2차건너,진천동,128.51049974999998,35.81687820000001,90198.0,6820.0
대구세명학교건너,용산2동,128.52369893333335,35.86397458333333,3970.0,3173.0
대곡고등학교앞,도원동,128.53738215,35.80389806666667,974.0,280.0
월배국민체육센터건너,도원동,128.53569741666666,35.80215858333333,72.0,258.0
대곡2지구3단지건너,진천동,128.53313203333335,35.80055893333333,96.0,2373.0
수목원호정포레스트아파트앞,진천동,128.53030188333332,35.79883465,1640.0,1552.0
새각단건너,진천동,128.52890431666668,35.800418949999994,220.0,115.0
대곡파출소1,진천동,128.52857958333334,35.80410720000001,59.0,1041.0
대곡공원건너,도원동,128.52839833333334,35.80687,3340.0,620.0
대곡공원앞,진천동,128.52821666666668,35.807115,807.0,42.0
대곡파출소2,진천동,128.52846726666667,35.803793799999994,299.0,56.0
새각단앞,진천동,128.52879468333333,35.80039885,2683.0,215.0
수목원제일풍경채앞,진천동,128.53018340000003,35.79869096666665,42037.0,552.0
대곡2지구3단지앞,진천동,128.53327746666668,35.800409183333336,1719.0,29.0
월배국민체육센터앞,도원동,128.53503435,35.80180738333333,2458.0,607.0
대곡고등학교건너,도원동,128.53700558333333,35.80411133333333,12068.0,6641.0
대구물류터미널건너,장기동,128.518775,35.83665333333333,1683.0,1091.0
대구물류터미널앞,월성2동,128.51965166666665,35.836461666666665,4034.0,589.0
앞산궁도장앞,송현1동,128.56111358333334,35.8280999,602.0,37.0
대덕문화전당앞,대명9동,128.57717499999998,35.83197666666667,1712.0,1329.0
앞산빨래터공원,대명11동,128.56486166666667,35.83265000000001,3831.0,1233.0
앞산별자리체험학습장1,대명9동,128.57139666666666,35.83287166666665,43614.0,987.0
현충삼거리1,대명9동,128.57948833333333,35.83374166666667,1010.0,7433.0
대명중학교앞,대명9동,128.5785383333333,35.83240833333333,13152.0,545.0
대덕문화전당건너,대명9동,128.57592666666667,35.83227,14892.0,626.0
대덕식당앞,대명9동,128.57403000000002,35.83138833333333,40223.0,885.0
앞산자락카페마실앞,대명6동,128.56883071666667,35.83212143333333,4491.0,6796.0
대덕식당건너,대명6동,128.57372833333332,35.830498333333345,2669.0,4131.0
대명중학교건너,대명9동,128.57932666666665,35.83244166666667,3306.0,4135.0
남부도서관앞,대명9동,128.581335,35.832843333333344,13368.0,9197.0
충혼탑앞,대명9동,128.5851483333333,35.83307833333333,304184.0,100545.0
충혼탑건너,대명9동,128.584565,35.83329833333333,55999.0,1260.0
문성병원앞,대명4동,128.56874666666667,35.84808333333333,227347.0,69919.0
성당시장앞2,대명4동,128.57254333333333,35.85036500000001,365532.0,42948.0
굿모닝병원앞,대명3동,128.57390833333332,35.853283333333344,192133.0,43165.0
남산주유소앞,대명4동,128.57591000000002,35.851073333333346,35591.0,4290.0
남산주유소건너,대명3동,128.57648,35.851035,29496.0,18260.0
심인고등학교건너,대명3동,128.58117166666668,35.85018,191057.0,34397.0
남구청건너2,봉덕3동,128.59732943333333,35.84480799999999,74411.0,84503.0
대덕맨션앞,봉덕3동,128.59655,35.834021666666665,104102.0,4422.0
앞산보성타운건너,봉덕3동,128.59501833333334,35.835791666666665,957.0,1073.0
봉덕변전소앞,봉덕3동,128.595155,35.837388333333344,144.0,1144.0
이천새마을금고건너,이천동,128.60426333333334,35.846896666666666,95975.0,5191.0
이천치안센터건너,이천동,128.60400333333334,35.84810166666667,25705.0,35077.0
봉덕시장앞2,봉덕1동,128.60396,35.84516,61737.0,26428.0
봉덕시장건너3,봉덕1동,128.6040133333333,35.84558833333333,103154.0,8454.0
봉덕교회앞,봉덕2동,128.60407500000002,35.843375,48439.0,15746.0
봉덕교회건너,봉덕2동,128.60421499999998,35.842445,143715.0,30237.0
봉덕2동새마을금고앞,봉덕2동,128.60384333333334,35.84183833333333,5020.0,5695.0
봉덕2동새마을금고건너,봉덕2동,128.60332,35.841935,2280.0,2317.0
명보약국앞,봉덕3동,128.60029,35.84227166666667,17050.0,974.0
남구청네거리1,봉덕1동,128.59979333333334,35.84482166666667,85633.0,24782.0
봉덕시장건너2,봉덕2동,128.6019916666667,35.84456333333333,7153.0,4350.0
봉덕시장앞1,봉덕1동,128.60264666666666,35.84461666666667,181175.0,16658.0
팔레스호텔앞1,봉덕3동,128.59789835,35.84168186666665,57744.0,25786.0
경일여자중학교앞,봉덕3동,128.59897666666666,35.837421666666664,50543.0,28132.0
경일여자중학교건너,봉덕3동,128.5989861,35.83768720000001,189604.0,31133.0
미리내맨션앞,봉덕3동,128.60023,35.83490666666667,69553.0,26447.0
미리내맨션건너,봉덕3동,128.60041,35.835029999999996,194544.0,9216.0
고산골입구,봉덕2동,128.60244333333333,35.834205,59876.0,10075.0
효성타운앞,봉덕2동,128.60358833333333,35.83460333333333,123935.0,14994.0
중동교1,봉덕2동,128.60498166666667,35.841175,40952.0,82067.0
남구종합스포츠타운건너,봉덕3동,128.59789096666665,35.83281950000001,9849.0,3130.0
남구종합스포츠타운앞,봉덕3동,128.59779746666666,35.83259465,22471.0,2167.0
앞산공원관리사무소앞,대명9동,128.588795,35.828731666666656,132200.0,54540.0
봉덕변전소건너,봉덕3동,128.59515,35.838013333333336,25134.0,233.0
대덕초등학교,대명11동,128.56061166666666,35.83072166666667,9269.0,249.0
현충삼거리2,대명9동,128.57964833333332,35.834176666666664,46333.0,1625.0
앞산공원관리사무소건너,대명9동,128.58880499999998,35.82875333333333,6785.0,452.0
태성맨션앞,봉덕3동,128.59544125,35.8397189,28043.0,18413.0
태성맨션건너,봉덕3동,128.59535666666667,35.83955666666667,448.0,1724.0
골안골지하보도앞,대명6동,128.57055166666666,35.83117833333333,112.0,983.0
팔레스호텔건너,봉덕3동,128.59799833333332,35.84164000000001,282601.0,60277.0
앞산공원,대명9동,128.58856666666665,35.83137333333333,136752.0,56077.0
앞산자락카페마실건너,대명6동,128.56694335000003,35.83166805,707.0,2023.0
팔레스호텔앞2,봉덕3동,128.59813666666665,35.84315000000001,22381.0,13030.0
봉덕시장건너1,봉덕2동,128.60331000000002,35.84448,42335.0,23911.0
희망교1,이천동,128.60496333333333,35.84761,11559.0,1302.0
골안골,대명11동,128.564725,35.83078,54.0,412.0
삼성공원아파트건너,대명11동,128.56366166666666,35.82998166666665,1503.0,1670.0
앞산힐스테이트앞,봉덕2동,128.60124499999998,35.84072666666667,16478.0,4602.0
중동교2,봉덕2동,128.60533333333333,35.841405,10688.0,3036.0
앞산힐스테이트건너,봉덕2동,128.60110166666666,35.840895,28435.0,9943.0
성당시장앞1,대명4동,128.57115333333334,35.84956833333333,33016.0,4704.0
앞산보성타운앞,봉덕3동,128.59507666666664,35.83546666666665,31118.0,83.0
남구청네거리2,봉덕3동,128.59948500000002,35.844735,8483.0,3420.0
명보약국건너,봉덕3동,128.600898,35.842263,2342.0,6318.0
앞산별자리체험학습장2,대명6동,128.57137333333333,35.832901666666665,2035.0,6285.0
대성유니드앞,봉덕1동,128.60126200000002,35.847747999999996,27447.0,1460.0
대덕초등학교건너,대명11동,128.5606238,35.83066128333334,10417.0,662.0
봉명네거리1,봉덕1동,128.59847499999998,35.84844000000001,2970.0,2628.0
봉명네거리2,봉덕1동,128.59867226666665,35.848329333333346,32318.0,1712.0
봉명네거리3,봉덕1동,128.5989166,35.84779361666667,7730.0,2609.0
남구청앞,봉덕1동,128.59829658333334,35.84616051666667,3924.0,6110.0
남구청건너1,봉덕1동,128.59850311666668,35.84615046666667,15039.0,969.0
대성유니드건너,이천동,128.60225200000002,35.84760798333333,5144.0,1915.0
희망교2,이천동,128.6044625,35.84746863333333,9868.0,1785.0
성바울로성당앞,봉덕3동,128.594345,35.83321833333333,71267.0,27884.0
성바울로성당건너,봉덕3동,128.59337506666668,35.83296665,930.0,617.0
대구문화방송건너,범어3동,128.62656741666666,35.86553833333333,145756.0,54625.0
대구문화방송앞,범어2동,128.62719233333334,35.86522356666667,164587.0,30147.0
신천시장건너,범어3동,128.61813999999998,35.86586,38236.0,8975.0
신천시장앞,범어3동,128.61817833333333,35.86516166666667,49031.0,7871.0
대구중앙중학교앞,수성4가동,128.614875,35.86701333333333,3799.0,10066.0
대구중앙중학교건너,수성4가동,128.61514,35.86763666666665,27371.0,746.0
효목네거리1,만촌1동,128.64540333333335,35.875725,85065.0,12429.0
효목네거리2,만촌1동,128.64591008333335,35.8755469,23998.0,22817.0
수성시니어클럽앞,만촌1동,128.64746166666666,35.87270833333333,67539.0,11042.0
만촌1동 느지안전마을,만촌1동,128.6480927833333,35.872270283333336,23191.0,19625.0
만촌초등학교앞,만촌2동,128.64522333333335,35.86740666666667,24865.0,5987.0
청구시장북편건너,만촌1동,128.64408333333333,35.86676166666667,36656.0,6909.0
청구시장북편,만촌2동,128.64372166666666,35.866456666666664,27212.0,5520.0
차량등록사업소건너,범어2동,128.63824333333332,35.866366666666664,7222.0,14190.0
새범어아파트건너,범어2동,128.63436000000002,35.865755,17108.0,4062.0
새범어아파트앞,범어2동,128.63419000000002,35.866068333333345,26638.0,3117.0
동대구LPG충전소앞,만촌1동,128.63198833333334,35.867095,4474.0,844.0
동대구LPG충전소건너,범어2동,128.63231499999998,35.86711500000001,15576.0,1967.0
우방만촌하이츠앞,만촌1동,128.63098326666665,35.86793418333333,36050.0,29199.0
동부중학교건너,만촌1동,128.643705,35.87216833333333,57664.0,4862.0
동부중학교앞,만촌1동,128.64362333333332,35.87236833333333,34961.0,39402.0
만촌초등학교건너2,만촌1동,128.64516683333332,35.8688597,43948.0,4167.0
만촌초등학교건너1,만촌1동,128.64509231666668,35.869101066666666,28599.0,10398.0
상동교2,상동,128.60726499999998,35.833205,18922.0,6953.0
화성전문요양원건너,상동,128.60773833333332,35.83112166666667,2364.0,1373.0
상동가압장건너,상동,128.60868,35.827906666666664,24168.0,2846.0
수성못코오롱하늘채,파동,128.61075433333332,35.823795366666666,63641.0,37713.0
송원맨션앞,파동,128.6113152833333,35.82227616666668,44158.0,13304.0
송원맨션건너,파동,128.611795,35.821455,137064.0,17311.0
파동1차시장건너,파동,128.61241333333334,35.819995,17020.0,15980.0
파동1차시장앞,파동,128.61275166666667,35.81934666666667,118855.0,7749.0
신세계주유소건너,파동,128.61359,35.81751833333333,73753.0,4094.0
신세계주유소앞,파동,128.61394166666665,35.81656333333333,10118.0,16898.0
대자연맨션건너,파동,128.61580999999998,35.81418,37621.0,19502.0
대자연맨션,파동,128.61660500000002,35.81319333333333,236325.0,7410.0
2차대자연맨션앞,파동,128.61821333333333,35.81124666666665,105238.0,13581.0
파동우체국앞,파동,128.61993333333336,35.80896666666667,9128.0,8035.0
화성파크뷰앞,파동,128.6222833333333,35.806615,7438.0,26980.0
수성랜드1,두산동,128.61220333333333,35.825961666666664,35224.0,3189.0
수성랜드2,상동,128.61185166666667,35.82595166666667,12466.0,35304.0
수성못앞,두산동,128.61780333333334,35.82629499999999,18361.0,8734.0
수성관광호텔앞,두산동,128.62194,35.82504666666667,30727.0,6353.0
수성관광호텔건너,두산동,128.62197833333332,35.82507000000001,32111.0,6887.0
수성랜드건너,상동,128.61602333333335,35.82973833333333,5776.0,5590.0
수성랜드앞,상동,128.61500900000001,35.82932200000001,6460.0,11859.0
상동네거리,상동,128.6106,35.82850666666665,49188.0,17720.0
수성못오거리1,상동,128.6101316666667,35.82654333333333,130726.0,33296.0
수성못오거리2,상동,128.61026698333333,35.82661428333333,113840.0,19244.0
상동천주교회앞,상동,128.61075171666667,35.83040434999999,16544.0,22691.0
상동우체국앞,상동,128.61123333333333,35.83242499999999,241434.0,38112.0
상동우체국건너,상동,128.6111193333333,35.83258316666666,62175.0,23567.0
상동시장앞,상동,128.60986833333334,35.83470000000001,24463.0,6312.0
중동시장앞,중동,128.60963666666666,35.84108666666667,230435.0,27419.0
중동시장건너,중동,128.61102833333334,35.84081833333333,175184.0,72815.0
중동네거리1,상동,128.61376333333334,35.84058333333333,49179.0,13477.0
중동네거리2,중동,128.61496,35.84067,41464.0,55412.0
황금초등학교앞,황금2동,128.61688976666667,35.84425323333333,46715.0,2635.0
황금초등학교건너,중동,128.61661258333334,35.844709366666656,20142.0,10734.0
현대시장앞,중동,128.61287833333333,35.848025,32291.0,28605.0
현대시장건너,중동,128.61307705,35.84814828333333,94892.0,11296.0
수성구보건소앞,중동,128.61246333333332,35.84396166666667,85432.0,37337.0
수성구보건소건너,중동,128.61258833333335,35.844185,262973.0,28902.0
금융감독원건너,중동,128.61228166666666,35.84187166666665,8317.0,23346.0
정화우방팔레스,중동,128.61191333333332,35.838555,153249.0,62999.0
광명프레지던트아파트건너,상동,128.61207166666665,35.83917,122430.0,63853.0
정화우방팔레스건너,상동,128.61183166666666,35.83673666666667,273273.0,35421.0
수성초등학교,상동,128.61162545,35.835787966666665,71845.0,29771.0
대구한의대학교부속한방병원앞,상동,128.606975,35.836675,53843.0,2689.0
대구한의대학교부속한방병원건너,상동,128.60697333333334,35.83736666666667,3644.0,1599.0
청구중동아파트,중동,128.60769833333333,35.83960833333333,4354.0,10417.0
중동서울아파트앞,중동,128.60814833333333,35.84375166666667,8977.0,535.0
중동행정복지센터건너,중동,128.61375761666665,35.84685983333333,8961.0,2055.0
중동행정복지센터앞,중동,128.61445585,35.84696313333335,9554.0,1549.0
성동초등학교건너,황금1동,128.63330033333335,35.84037885,98844.0,23991.0
황금힐스테이트,황금1동,128.63697418333334,35.84048653333333,41867.0,26094.0
캐슬골드파크4단지앞,황금1동,128.63655213333334,35.8408138,148790.0,25274.0
경북고등학교앞,황금1동,128.63900666666666,35.84377166666665,204887.0,15461.0
경북고등학교건너,황금1동,128.63881333333333,35.843756666666664,139558.0,42031.0
국립대구박물관건너,황금1동,128.63925666666668,35.84666166666667,147236.0,16805.0
국립대구박물관앞,황금1동,128.63924333333335,35.847096666666665,97507.0,39377.0
동도중학교앞,범어4동,128.63880961666666,35.849211016666665,209220.0,28295.0
동도중학교건너,범어4동,128.63848166666668,35.84999166666667,116999.0,23964.0
우방신천지타운건너,황금1동,128.64018333333334,35.837916666666665,38986.0,6781.0
우방신천지타운앞,황금1동,128.64038166666666,35.83814333333333,125659.0,19139.0
수성소방서1,지산1동,128.6439716666667,35.82780333333333,5041.0,12035.0
수성소방서2,지산1동,128.64376833333333,35.82635833333333,3137.0,20191.0
무열대앞,만촌1동,128.64950601666666,35.868083766666665,13896.0,6834.0
무열대건너,만촌2동,128.64913,35.86808833333335,41024.0,24985.0
청기와주유소앞,만촌1동,128.64790833333333,35.877598333333346,130896.0,24772.0
망우당공원건너,만촌1동,128.65767,35.87586833333333,14463.0,21505.0
담티고개1,고산2동,128.66490833333333,35.850885,5643.0,8184.0
담티고개2,고산2동,128.665345,35.85100999999999,12112.0,11021.0
안심교(경산방향),고산3동,128.71672166666667,35.859836666666666,796.0,771.0
안심교(반야월방향),고산3동,128.71669333333332,35.860128333333336,4278.0,85404.0
성동앞,고산3동,128.72218333333333,35.85548666666667,1004.0,726.0
성동건너,고산3동,128.72205333333335,35.85590666666667,2638.0,3145.0
시지중학교,고산1동,128.70772166666666,35.83356833333333,203875.0,12944.0
화성전문요양원앞,상동,128.60747333333333,35.83159000000001,8114.0,5698.0
파동청구하이츠,파동,128.61973833333334,35.80934333333333,78986.0,4752.0
들안길네거리2,중동,128.61665,35.84141833333333,10333.0,14100.0
들안길네거리1,황금2동,128.61679166666667,35.841578333333345,47354.0,2229.0
들안길1,상동,128.61665833333333,35.83662,16863.0,12466.0
들안길2,두산동,128.6168616666667,35.83625833333333,53691.0,4177.0
고모역건너,고산2동,128.67808666666667,35.858381666666666,3310.0,1450.0
가천동앞,고산2동,128.68532,35.85140999999999,381.0,287.0
시지천마타운앞,고산1동,128.7079116666667,35.83429,44602.0,23677.0
화성파크뷰건너,파동,128.62231333333332,35.80663833333333,76862.0,3258.0
경기장네거리2,고산2동,128.68527666666665,35.83323333333333,53225.0,4730.0
경기장네거리1,고산2동,128.68490166666666,35.83289666666667,63761.0,15352.0
대구스타디움건너,고산2동,128.69143833333334,35.832636666666666,27104.0,8753.0
대구스타디움앞,고산2동,128.691385,35.83225166666667,34548.0,7627.0
대구농업마이스터고후문앞,고산2동,128.70184669999998,35.83121000000001,39230.0,3388.0
대구농업마이스터고후문건너,고산2동,128.7018244,35.830851266666656,29051.0,10527.0
상동천주교회건너,상동,128.60914,35.828885,1873.0,3514.0
미래아트빌앞,상동,128.6143416666667,35.83489833333333,8504.0,7838.0
청백다례원,상동,128.61299666666667,35.834860000000006,29049.0,9183.0
상동교1,상동,128.60671833333333,35.83521333333333,1530.0,1958.0
중동서울아파트건너,중동,128.6077983333333,35.844076666666666,2141.0,1985.0
농협중앙회중동지점건너,중동,128.61113166666667,35.84721500000001,12179.0,567.0
농협중앙회중동지점앞,중동,128.6113317,35.847033116666665,3792.0,2581.0
중동치안센터건너,중동,128.60849666666667,35.84738833333333,13000.0,1689.0
덕원고등학교건너,고산1동,128.70527166666668,35.82998999999999,48047.0,10121.0
덕원고등학교앞,고산1동,128.70473333333334,35.82989333333333,12644.0,12375.0
삼덕동1,고산2동,128.67843,35.83332666666667,156.0,5009.0
삼덕동2,고산2동,128.67856500000002,35.833684999999996,1678.0,548.0
대덕마을앞,고산2동,128.669145,35.82969166666667,4179.0,1897.0
대덕마을건너,고산2동,128.66808500000002,35.82966833333333,6179.0,30752.0
두리봉터널종점건너,황금1동,128.64239166666667,35.84369166666667,4875.0,978.0
두리봉터널종점,황금1동,128.64207293333337,35.84475980000001,15747.0,10713.0
두리봉터널입구건너,만촌3동,128.64997499999998,35.84645166666667,40865.0,1523.0
두리봉터널입구,만촌3동,128.64900833333334,35.847076666666666,13918.0,3413.0
만촌1동행정복지센터,만촌1동,128.63970076666664,35.86609953333333,42703.0,12449.0
성동초등학교앞,황금1동,128.63294461666663,35.84052725000001,163396.0,19826.0
수성못건너,두산동,128.61672666666666,35.82629,15487.0,6596.0
2차대자연맨션건너,파동,128.61831333333333,35.81108666666667,20570.0,9727.0
중동치안센터앞,중동,128.60851499999998,35.847276666666666,4362.0,1586.0
고산정수사업소건너,고산2동,128.69881333333333,35.83159166666667,31769.0,6801.0
욱수초등학교건너,고산1동,128.70720833333334,35.83185333333333,71591.0,35765.0
메트로팔레스2,만촌1동,128.63726833333334,35.869416666666666,271318.0,21113.0
고모역앞,고산2동,128.67816333333334,35.858646666666665,3803.0,759.0
팔현마을,고산2동,128.66994000000003,35.86709000000001,700.0,291.0
메트로팔레스1,만촌1동,128.637435,35.86955833333333,239746.0,32718.0
차량등록사업소앞,만촌1동,128.637545,35.86676333333333,12180.0,3766.0
수성못오거리5,상동,128.60933500000002,35.82565333333333,6937.0,4776.0
동원초등학교앞1,만촌1동,128.64052,35.86585833333333,14441.0,7075.0
욱수초등학교앞,고산1동,128.706927,35.83067700000001,422593.0,13053.0
시지(종점),고산1동,128.70310700000002,35.830595,21852.0,4694.0
성동탱자나무마을건너,고산3동,128.72142166666666,35.84291500000001,352.0,440.0
성동마을앞,고산3동,128.7210482,35.84907098333334,4274.0,143.0
성동마을건너,고산3동,128.7208856833333,35.8485368,777.0,1001.0
성동탱자나무마을앞,고산3동,128.72132666666667,35.84304500000001,1237.0,1305.0
시지대성유니드앞,고산3동,128.723495,35.83939833333333,29455.0,19372.0
시지대성유니드건너,고산3동,128.72359666666668,35.839423333333336,12065.0,535.0
동문고등학교앞,만촌1동,128.65036346666665,35.87814021666667,16032.0,2988.0
대흥동앞,고산2동,128.683595,35.83127833333333,5239.0,3163.0
대흥동건너,고산2동,128.68318499999998,35.831271666666666,2537.0,733.0
대구미술관건너,고산2동,128.67422666666667,35.82965000000001,9596.0,1438.0
대구미술관앞,고산2동,128.67456833333333,35.82935833333333,14012.0,1267.0
대구시지노인전문병원앞,고산1동,128.70981666666665,35.82830333333333,6522.0,18196.0
대구시지노인전문병원건너,고산1동,128.71043749999998,35.82776771666667,4281.0,1268.0
만촌화성파크스위트건너,만촌1동,128.65420688333333,35.87425993333333,27583.0,1250.0
이천동(종점),고산2동,128.65521833333332,35.838168333333336,686.0,33.0
이천동,고산2동,128.66338666666667,35.84225333333333,36.0,163.0
연호동(종점),고산2동,128.66744166666666,35.83654999999999,124.0,8.0
수성월드메르디앙건너,고산2동,128.6979783333333,35.83501000000001,8078.0,2959.0
수성월드메르디앙앞,고산2동,128.69808166666664,35.83502333333333,1093.0,1244.0
육상진흥센터앞,고산2동,128.67910166666667,35.82915166666667,4484.0,2398.0
육상진흥센터건너,고산2동,128.68089999999998,35.82935166666667,4602.0,1675.0
인터불고호텔건너,만촌1동,128.65884499999999,35.87283166666667,16429.0,1502.0
동문고등학교정문,만촌1동,128.65026166666667,35.877071666666666,24493.0,4500.0
동원초등학교후문앞,만촌2동,128.63937256666668,35.86447695000001,11142.0,7634.0
동원초등학교후문건너,범어2동,128.63905388333333,35.86498390000001,15884.0,2410.0
수성도서관앞2,만촌1동,128.63721461666668,35.87246846666665,6600.0,6066.0
가천동건너,고산2동,128.68510786666667,35.851477016666664,1790.0,36.0
동원중학교,만촌1동,128.65097971666668,35.87604165000001,12394.0,1872.0
만촌화성파크스위트앞,만촌1동,128.65422711666668,35.87410703333333,2867.0,2430.0
인터불고호텔앞,만촌1동,128.65907721666665,35.87300943333333,1920.0,835.0
만촌체육공원,만촌1동,128.6575487,35.87454546666667,440.0,213.0
